,Unnamed: 0,Name,Age,Years_Active,Beauty_Level,Award_Wins,Media_Mentions,Social_Media_Followers,Social_Media_Likes,Network_Size,Income_Per_Year,First_Name,Last_Name,Female,Male,European,Asian,Middle_Eastern,North_American,South_American,Oceanic,Entertainment,Food,Travel,Health,Beauty,Tech,Bachelor's,Culinary School,High School Diploma,Master's,Self-Taught,Introvert,Extrovert
0,0,Ava Johnson,32,7,8,3.0,500.0,1000000.0,50000.0,5.0,200000,Ava, Johnson,1,0,0,0,0,1,0,0,0,0,0,1,0,0,1,0,0,0,0,0,1
1,1,Jackson Lee,28,5,7,2.0,300.0,800000.0,40000.0,4.0,150000,Jackson, Lee,0,1,1,0,0,0,0,0,0,0,0,1,0,0,0,0,1,0,0,1,0
2,2,Sophie Garcia,35,8,9,5.0,600.0,1200000.0,70000.0,6.0,300000,Sophie, Garcia,1,0,1,0,0,0,0,0,0,0,0,0,1,0,0,0,0,1,0,1,0
3,3,Ryan Patel,30,6,6,3.0,400.0,900000.0,45000.0,5.0,180000,Ryan, Patel,0,1,0,1,0,0,0,0,0,1,0,0,0,0,0,1,0,0,0,0,1
4,4,Emma Chen,25,4,7,2.0,250.0,600000.0,35000.0,4.0,120000,Emma, Chen,1,0,0,1,0,0,0,0,0,0,1,0,0,0,1,0,0,0,0,0,1
5,5,Maximilian Schmidt,40,10,7,4.0,700.0,1500000.0,80000.0,6.0,400000,Maximilian, Schmidt,0,1,1,0,0,0,0,0,0,0,0,0,0,1,1,0,0,0,0,1,0
6,6,Luna Rodriguez,29,6,8,3.0,350.0,750000.0,50000.0,5.0,180000,Luna, Rodriguez,1,0,0,0,0,0,1,0,0,0,0,0,1,0,1,0,0,0,0,1,0
7,7,Ethan Nguyen,27,4,8,2.0,200.0,500000.0,25000.0,4.0,150000,Ethan, Nguyen,0,1,0,1,0,0,0,0,1,0,0,0,0,0,1,0,0,0,0,1,0
8,8,Isabella Rossi,33,5,7,3.0,400.0,800000.0,45000.0,5.0,200000,Isabella, Rossi,1,0,1,0,0,0,0,0,0,0,0,1,0,0,0,0,0,1,0,0,1
9,9,Nadia Khan,38,9,6,4.0,550.0,1000000.0,60000.0,5.0,250000,Nadia, Khan,1,0,0,0,1,0,0,0,0,0,0,1,0,0,1,0,0,0,0,1,0
10,10,Olivia Smith,27,6,7,2.0,400.0,850000.0,45000.0,4.0,180000,Olivia, Smith,1,0,0,0,0,1,0,0,0,0,0,0,1,0,1,0,0,0,0,0,1
11,11,Daniel Kim,31,8,9,3.0,550.0,1200000.0,70000.0,5.0,250000,Daniel, Kim,0,1,0,1,0,0,0,0,1,0,0,0,0,0,1,0,0,0,0,1,0
12,12,Maya Gupta,29,7,8,4.0,600.0,900000.0,55000.0,5.0,200000,Maya, Gupta,1,0,0,1,0,0,0,0,0,0,0,1,0,0,0,0,0,1,0,1,0
13,13,Ethan Walker,35,9,7,5.0,700.0,1500000.0,80000.0,6.0,300000,Ethan, Walker,0,1,0,0,0,0,0,1,0,0,1,0,0,0,0,0,0,0,1,1,0
14,14,Lily Chen,26,4,9,2.0,350.0,750000.0,40000.0,4.0,150000,Lily, Chen,1,0,0,1,0,0,0,0,0,0,0,0,0,0,1,0,0,0,0,0,1
15,15,Marcus Johnson,33,5,6,2.0,300.0,700000.0,35000.0,4.0,150000,Marcus, Johnson,0,1,0,0,0,1,0,0,1,0,0,0,0,0,1,0,0,0,0,0,1
16,16,Sophia Lee,30,6,8,3.0,450.0,1000000.0,60000.0,5.0,220000,Sophia, Lee,1,0,1,0,0,0,0,0,0,1,0,0,0,0,0,1,0,0,0,0,1
17,17,David Santos,29,7,7,2.0,400.0,800000.0,40000.0,4.0,180000,David, Santos,0,1,0,0,0,0,1,0,0,0,1,0,0,0,1,0,0,0,0,0,1
18,18,Amelia Wright,32,8,6,3.0,500.0,1100000.0,65000.0,5.0,230000,Amelia, Wright,1,0,0,0,0,1,0,0,0,0,0,1,0,0,1,0,0,0,0,1,0
19,19,Oscar Martinez,36,9,8,4.0,600.0,1200000.0,70000.0,5.0,280000,Oscar, Martinez,0,1,1,0,0,0,0,0,0,0,0,0,1,0,1,0,0,0,0,0,1
20,20,Grace Nguyen,28,5,9,3.0,450.0,900000.0,50000.0,4.0,180000,Grace, Nguyen,1,0,0,1,0,0,0,0,0,0,0,0,1,0,1,0,0,0,0,1,0
21,21,Nathan Brown,34,7,8,3.0,550.0,1300000.0,75000.0,5.0,280000,Nathan, Brown,0,1,1,0,0,0,0,0,0,0,0,0,0,1,0,0,0,1,0,0,1
22,22,Ella Rodriguez,31,6,7,2.0,400.0,850000.0,45000.0,4.0,200000,Ella, Rodriguez,1,0,0,0,0,1,0,0,0,0,0,1,0,0,1,0,0,0,0,1,0
23,23,Dylan Park,25,4,9,1.0,200.0,500000.0,25000.0,3.0,120000,Dylan, Park,0,1,0,1,0,0,0,0,1,0,0,0,0,0,1,0,0,0,0,1,0
24,24,Isabel Silva,30,8,9,4.0,600.0,1100000.0,60000.0,5.0,250000,Isabel, Silva,1,0,1,0,0,0,0,0,0,0,0,0,1,0,0,0,0,1,0,0,1
25,25,Lucas Oliveira,37,10,8,5.0,700.0,1400000.0,80000.0,6.0,320000,Lucas, Oliveira,0,1,0,0,0,0,1,0,1,0,0,0,0,0,1,0,0,0,0,1,0
26,26,Clara Wang,29,6,8,3.0,450.0,950000.0,50000.0,4.0,220000,Clara, Wang,1,0,0,1,0,0,0,0,0,0,0,1,0,0,1,0,0,0,0,0,1
27,27,Leo Kim,32,8,7,3.0,500.0,1100000.0,65000.0,5.0,250000,Leo, Kim,0,1,0,1,0,0,0,0,0,0,0,0,1,0,1,0,0,0,0,1,0
28,28,Aria Patel,27,5,7,2.0,300.0,700000.0,35000.0,4.0,150000,Aria, Patel,1,0,0,1,0,0,0,0,0,1,0,0,0,0,0,1,0,0,0,1,0
29,29,Maxwell Jones,30,6,8,2.0,400.0,900000.0,45000.0,5.0,200000,Maxwell, Jones,0,1,0,0,0,1,0,0,0,0,1,0,0,0,1,0,0,0,0,0,1
30,30,Sophie Williams,28,6,8,3.0,450.0,950000.0,50000.0,4.0,180000,Sophie, Williams,1,0,1,0,0,0,0,0,0,0,0,0,1,0,1,0,0,0,0,1,0
31,31,Michael Chang,33,7,9,4.0,600.0,1200000.0,70000.0,5.0,250000,Michael, Chang,0,1,0,0,0,1,0,0,0,0,0,0,0,1,0,0,0,1,0,1,0
32,32,Emily Garcia,30,8,7,3.0,500.0,1000000.0,60000.0,5.0,220000,Emily, Garcia,1,0,0,0,0,1,0,0,0,0,0,1,0,0,1,0,0,0,0,1,0
33,33,William Brown,35,9,8,4.0,550.0,1100000.0,65000.0,5.0,280000,William, Brown,0,1,1,0,0,0,0,0,0,1,0,0,0,0,0,1,0,0,0,0,1
34,34,Sofia Santos,29,6,7,2.0,400.0,850000.0,45000.0,4.0,200000,Sofia, Santos,1,0,0,0,0,0,1,0,0,0,1,0,0,0,1,0,0,0,0,0,1
35,35,Liam Patel,28,5,9,2.0,300.0,700000.0,35000.0,4.0,150000,Liam, Patel,0,1,0,1,0,0,0,0,1,0,0,0,0,0,1,0,0,0,0,1,0
36,36,Emma Smith,31,7,8,3.0,500.0,1000000.0,60000.0,5.0,230000,Emma, Smith,1,0,0,0,0,1,0,0,1,0,0,0,0,0,1,0,0,0,0,0,1
37,37,Noah Lee,30,8,7,3.0,500.0,1100000.0,65000.0,5.0,250000,Noah, Lee,0,1,0,1,0,0,0,0,0,0,0,0,1,0,1,0,0,0,0,1,0
38,38,Mia Fernandez,26,5,9,2.0,350.0,800000.0,40000.0,4.0,150000,Mia, Fernandez,1,0,1,0,0,0,0,0,0,0,0,0,1,0,1,0,0,0,0,0,1
39,39,Elijah Nguyen,32,9,8,4.0,600.0,1300000.0,75000.0,5.0,300000,Elijah, Nguyen,0,1,0,1,0,0,0,0,0,0,1,0,0,0,0,0,0,0,1,1,0
40,40,Avery Martinez,33,8,7,3.0,450.0,950000.0,50000.0,4.0,220000,Avery, Martinez,1,0,0,0,0,1,0,0,1,0,0,0,0,0,1,0,0,0,0,0,1
41,41,Gabriel Kim,29,6,8,2.0,400.0,900000.0,45000.0,4.0,200000,Gabriel, Kim,0,1,0,1,0,0,0,0,0,0,0,1,0,0,1,0,0,0,0,1,0
42,42,Sophia Chen,27,5,7,2.0,350.0,800000.0,40000.0,4.0,150000,Sophia, Chen,1,0,0,1,0,0,0,0,0,0,0,0,1,0,1,0,0,0,0,0,1
43,43,Ethan Rodriguez,35,10,9,5.0,700.0,1400000.0,80000.0,6.0,350000,Ethan, Rodriguez,0,1,0,0,0,1,0,0,0,0,0,0,0,1,0,0,0,1,0,1,0
44,44,Olivia Wang,28,6,8,2.0,300.0,750000.0,35000.0,4.0,180000,Olivia, Wang,1,0,0,1,0,0,0,0,1,0,0,0,0,0,1,0,0,0,0,1,0
45,45,Ethan Smith,34,8,7,3.0,500.0,1000000.0,60000.0,5.0,250000,Ethan, Smith,0,1,0,0,0,1,0,0,0,0,0,0,1,0,1,0,0,0,0,0,1
46,46,Luna Martinez,29,6,8,3.0,450.0,950000.0,50000.0,4.0,220000,Luna, Martinez,1,0,1,0,0,0,0,0,0,1,0,0,0,0,0,1,0,0,0,0,1
47,47,Matthew Kim,32,7,7,2.0,400.0,850000.0,45000.0,4.0,200000,Matthew, Kim,0,1,0,1,0,0,0,0,0,0,1,0,0,0,1,0,0,0,0,1,0
48,48,Sofia Lopez,30,8,7,3.0,500.0,1100000.0,65000.0,5.0,230000,Sofia, Lopez,1,0,0,0,0,1,0,0,0,0,0,1,0,0,1,0,0,0,0,1,0
49,49,James Nguyen,28,5,8,2.0,400.0,850000.0,45000.0,4.0,180000,James, Nguyen,0,1,0,1,0,0,0,0,0,0,0,1,0,0,1,0,0,0,0,1,0
50,50,Chloe Garcia,31,7,8,3.0,500.0,1000000.0,60000.0,5.0,230000,Chloe, Garcia,1,0,0,0,0,1,0,0,1,0,0,0,0,0,1,0,0,0,0,0,1
51,51,Logan Smith,30,6,9,4.0,600.0,1200000.0,70000.0,5.0,250000,Logan, Smith,0,1,0,0,0,1,0,0,0,0,0,0,0,1,0,0,0,1,0,1,0
52,52,Ella Kim,29,6,8,2.0,350.0,800000.0,40000.0,4.0,150000,Ella, Kim,1,0,0,1,0,0,0,0,0,0,0,0,1,0,1,0,0,0,0,0,1
53,53,Lucas Hernandez,34,8,7,3.0,450.0,950000.0,50000.0,4.0,220000,Lucas, Hernandez,0,1,1,0,0,0,0,0,1,0,0,0,0,0,1,0,0,0,0,0,1
54,54,Ava Lee,28,6,7,3.0,500.0,1100000.0,65000.0,5.0,250000,Ava, Lee,1,0,0,1,0,0,0,0,0,0,0,0,1,0,1,0,0,0,0,1,0
55,55,Noah Rodriguez,33,7,8,2.0,400.0,900000.0,45000.0,4.0,200000,Noah, Rodriguez,0,1,0,0,0,1,0,0,0,0,0,1,0,0,1,0,0,0,0,1,0
56,56,Olivia Lopez,27,5,8,2.0,350.0,800000.0,40000.0,4.0,150000,Olivia, Lopez,1,0,1,0,0,0,0,0,0,0,0,0,1,0,1,0,0,0,0,0,1
57,57,Ethan Chen,34,8,7,3.0,500.0,1100000.0,65000.0,5.0,250000,Ethan, Chen,0,1,0,1,0,0,0,0,0,0,1,0,0,0,1,0,0,0,0,1,0
58,58,Sophia Rodriguez,31,6,8,2.0,300.0,750000.0,35000.0,4.0,180000,Sophia, Rodriguez,1,0,0,0,0,1,0,0,1,0,0,0,0,0,1,0,0,0,0,1,0
59,59,Ethan Martinez,29,6,8,3.0,500.0,1000000.0,60000.0,5.0,230000,Ethan, Martinez,0,1,0,0,0,1,0,0,1,0,0,0,0,0,1,0,0,0,0,0,1
60,60,Ava Nguyen,32,7,7,2.0,400.0,850000.0,45000.0,4.0,200000,Ava, Nguyen,1,0,0,1,0,0,0,0,0,0,1,0,0,0,1,0,0,0,0,1,0
61,61,Matthew Lee,30,8,9,4.0,600.0,1200000.0,70000.0,5.0,250000,Matthew, Lee,0,1,0,1,0,0,0,0,0,0,0,0,0,1,0,0,0,1,0,1,0
62,62,Sophie Martinez,29,6,8,3.0,450.0,950000.0,50000.0,4.0,220000,Sophie, Martinez,1,0,1,0,0,0,0,0,0,1,0,0,0,0,0,1,0,0,0,0,1
63,63,Logan Kim,32,7,7,3.0,500.0,1100000.0,65000.0,5.0,250000,Logan, Kim,0,1,0,1,0,0,0,0,0,0,0,1,0,0,1,0,0,0,0,1,0
64,64,Chloe Lopez,28,6,7,2.0,400.0,850000.0,45000.0,4.0,180000,Chloe, Lopez,1,0,0,0,0,1,0,0,0,0,0,1,0,0,1,0,0,0,0,0,1
65,65,Lucas Kim,35,9,8,3.0,450.0,950000.0,50000.0,4.0,220000,Lucas, Kim,0,1,0,1,0,0,0,0,1,0,0,0,0,0,1,0,0,0,0,0,1
66,66,Ava Hernandez,26,5,8,2.0,400.0,900000.0,45000.0,4.0,200000,Ava, Hernandez,1,0,1,0,0,0,0,0,0,0,0,1,0,0,1,0,0,0,0,1,0
67,67,Noah Lee,33,8,7,3.0,500.0,1000000.0,60000.0,5.0,250000,Noah, Lee,0,1,0,0,0,1,0,0,0,0,0,0,1,0,1,0,0,0,0,0,1
68,68,Sophia Rodriguez,30,7,8,3.0,500.0,1000000.0,60000.0,5.0,230000,Sophia, Rodriguez,1,0,0,0,0,1,0,0,1,0,0,0,0,0,1,0,0,0,0,1,0
69,69,Matthew Kim,28,6,7,2.0,400.0,850000.0,45000.0,4.0,200000,Matthew, Kim,0,1,0,1,0,0,0,0,0,0,1,0,0,0,1,0,0,0,0,1,0
70,70,Chloe Martinez,31,7,8,3.0,550.0,1200000.0,70000.0,5.0,280000,Chloe, Martinez,1,0,0,0,0,1,0,0,0,0,0,0,0,1,0,0,0,1,0,0,1
71,71,Logan Nguyen,29,6,8,2.0,300.0,750000.0,35000.0,4.0,180000,Logan, Nguyen,0,1,0,1,0,0,0,0,1,0,0,0,0,0,1,0,0,0,0,1,0
72,72,Ava Garcia,27,5,8,2.0,350.0,800000.0,40000.0,4.0,150000,Ava, Garcia,1,0,1,0,0,0,0,0,0,0,0,0,1,0,1,0,0,0,0,0,1
73,73,Noah Lee,34,8,7,3.0,450.0,950000.0,50000.0,4.0,220000,Noah, Lee,0,1,0,1,0,0,0,0,1,0,0,0,0,0,1,0,0,0,0,0,1
74,74,Sophia Kim,29,6,8,3.0,450.0,950000.0,50000.0,4.0,220000,Sophia, Kim,1,0,0,1,0,0,0,0,0,1,0,0,0,0,0,1,0,0,0,1,0
75,75,Matthew Rodriguez,31,7,7,2.0,400.0,850000.0,45000.0,4.0,200000,Matthew, Rodriguez,0,1,0,0,0,1,0,0,0,0,1,0,0,0,1,0,0,0,0,1,0
76,76,Chloe Martinez,28,6,8,3.0,500.0,1000000.0,60000.0,5.0,230000,Chloe, Martinez,1,0,0,0,0,1,0,0,1,0,0,0,0,0,1,0,0,0,0,0,1
77,77,Logan Hernandez,35,8,7,3.0,500.0,1000000.0,60000.0,5.0,250000,Logan, Hernandez,0,1,1,0,0,0,0,0,0,0,0,0,1,0,1,0,0,0,0,1,0
78,78,Ava Kim,30,7,8,3.0,550.0,1200000.0,70000.0,5.0,280000,Ava, Kim,1,0,0,1,0,0,0,0,0,0,0,0,0,1,0,0,0,1,0,0,1
79,79,Noah Lee,26,5,8,2.0,400.0,900000.0,45000.0,4.0,200000,Noah, Lee,0,1,0,1,0,0,0,0,0,0,0,1,0,0,1,0,0,0,0,1,0
80,80,Sophia Rodriguez,32,7,7,3.0,450.0,950000.0,50000.0,4.0,220000,Sophia, Rodriguez,1,0,0,0,0,1,0,0,1,0,0,0,0,0,1,0,0,0,0,0,1
81,81,Matthew Kim,29,6,8,3.0,450.0,950000.0,50000.0,4.0,220000,Matthew, Kim,0,1,0,0,0,1,0,0,0,1,0,0,0,0,0,1,0,0,0,1,0
82,82,Chloe Garcia,26,5,8,2.0,400.0,850000.0,45000.0,4.0,180000,Chloe, Garcia,1,0,0,0,0,1,0,0,0,0,1,0,0,0,1,0,0,0,0,1,0
83,83,Logan Lee,33,8,7,3.0,500.0,1000000.0,60000.0,5.0,250000,Logan, Lee,0,1,0,1,0,0,0,0,1,0,0,0,0,0,1,0,0,0,0,0,1
84,84,Ava Rodriguez,29,6,7,2.0,400.0,900000.0,45000.0,4.0,200000,Ava, Rodriguez,1,0,0,0,0,1,0,0,0,0,0,1,0,0,1,0,0,0,0,0,1
85,85,Noah Kim,30,7,8,3.0,450.0,950000.0,50000.0,4.0,220000,Noah, Kim,0,1,0,1,0,0,0,0,0,0,0,0,1,0,1,0,0,0,0,1,0
86,86,Sophia Nguyen,27,5,8,2.0,400.0,900000.0,45000.0,4.0,150000,Sophia, Nguyen,1,0,0,1,0,0,0,0,0,0,0,0,1,0,1,0,0,0,0,0,1
87,87,Matthew Smith,34,8,7,3.0,500.0,1100000.0,65000.0,5.0,250000,Matthew, Smith,0,1,0,0,0,1,0,0,0,0,1,0,0,0,1,0,0,0,0,1,0
88,88,Chloe Martinez,31,7,8,3.0,500.0,1000000.0,60000.0,5.0,230000,Chloe, Martinez,1,0,0,0,0,1,0,0,1,0,0,0,0,0,1,0,0,0,0,0,1
89,89,Logan Kim,28,6,7,2.0,400.0,850000.0,45000.0,4.0,200000,Logan, Kim,0,1,0,1,0,0,0,0,0,0,1,0,0,0,1,0,0,0,0,1,0
90,90,Ava Hernandez,30,7,8,3.0,550.0,1200000.0,70000.0,5.0,280000,Ava, Hernandez,1,0,1,0,0,0,0,0,0,0,0,0,0,1,0,0,0,1,0,0,1
91,91,Noah Lee,29,6,7,2.0,300.0,750000.0,35000.0,4.0,180000,Noah, Lee,0,1,0,1,0,0,0,0,1,0,0,0,0,0,1,0,0,0,0,1,0
92,93,Matthew Kim,30,6,8,3.0,450.0,950000.0,50000.0,4.0,220000,Matthew, Kim,0,1,0,0,0,1,0,0,0,1,0,0,0,0,0,1,0,0,0,1,0
93,94,Chloe Garcia,27,5,8,2.0,400.0,850000.0,45000.0,4.0,180000,Chloe, Garcia,1,0,0,0,0,1,0,0,0,0,1,0,0,0,1,0,0,0,0,1,0
94,95,Logan Lee,34,8,7,3.0,500.0,1000000.0,60000.0,5.0,250000,Logan, Lee,0,1,0,1,0,0,0,0,1,0,0,0,0,0,1,0,0,0,0,0,1
95,96,Sophia Hernandez,28,6,8,3.0,450.0,950000.0,50000.0,4.0,180000,Sophia, Hernandez,1,0,1,0,0,0,0,0,0,0,0,0,1,0,1,0,0,0,0,1,0
96,97,Michael Smith,33,7,9,4.0,600.0,1200000.0,70000.0,5.0,250000,Michael, Smith,0,1,0,0,0,1,0,0,0,0,0,0,0,1,0,0,0,1,0,1,0
97,98,Emily Kim,30,8,7,3.0,500.0,1000000.0,60000.0,5.0,220000,Emily, Kim,1,0,0,1,0,0,0,0,0,0,0,1,0,0,1,0,0,0,0,1,0
98,99,William Nguyen,35,9,8,4.0,550.0,1100000.0,65000.0,5.0,280000,William, Nguyen,0,1,0,1,0,0,0,0,0,1,0,0,0,0,0,1,0,0,0,0,1
99,100,Sofia Garcia,29,6,7,2.0,400.0,850000.0,45000.0,4.0,200000,Sofia, Garcia,1,0,0,0,0,1,0,0,0,0,1,0,0,0,1,0,0,0,0,0,1
100,101,Liam Lee,28,5,9,2.0,300.0,700000.0,35000.0,4.0,150000,Liam, Lee,0,1,0,1,0,0,0,0,1,0,0,0,0,0,1,0,0,0,0,1,0
101,102,Emma Hernandez,31,7,8,3.0,500.0,1000000.0,60000.0,5.0,230000,Emma, Hernandez,1,0,1,0,0,0,0,0,1,0,0,0,0,0,1,0,0,0,0,0,1
102,103,Noah Kim,30,8,7,3.0,500.0,1100000.0,65000.0,5.0,250000,Noah, Kim,0,1,0,1,0,0,0,0,0,0,0,0,1,0,1,0,0,0,0,1,0
103,104,Mia Martinez,26,5,9,2.0,350.0,800000.0,40000.0,4.0,150000,Mia, Martinez,1,0,1,0,0,0,0,0,0,0,0,0,1,0,1,0,0,0,0,0,1
104,106,Avery Garcia,33,8,7,3.0,450.0,950000.0,50000.0,4.0,220000,Avery, Garcia,1,0,0,0,0,1,0,0,1,0,0,0,0,0,1,0,0,0,0,0,1
105,150,Isabella Martinez,28,6,8,3.0,450.0,950000.0,50000.0,4.0,180000,Isabella, Martinez,1,0,1,0,0,0,0,0,0,0,0,0,1,0,1,0,0,0,0,1,0
106,151,Nathan Johnson,33,7,9,4.0,600.0,1200000.0,70000.0,5.0,250000,Nathan, Johnson,0,1,0,0,0,1,0,0,0,0,0,0,0,1,0,0,0,1,0,1,0
107,152,Sophie Kim,30,8,7,3.0,500.0,1000000.0,60000.0,5.0,220000,Sophie, Kim,1,0,0,1,0,0,0,0,0,0,0,1,0,0,1,0,0,0,0,1,0
108,153,Daniel Rodriguez,35,9,8,4.0,550.0,1100000.0,65000.0,5.0,280000,Daniel, Rodriguez,0,1,0,0,0,1,0,0,0,1,0,0,0,0,0,1,0,0,0,0,1
109,154,Olivia Nguyen,29,6,7,2.0,400.0,850000.0,45000.0,4.0,200000,Olivia, Nguyen,1,0,0,1,0,0,0,0,0,0,1,0,0,0,1,0,0,0,0,0,1
110,155,Ethan Lee,28,5,9,2.0,300.0,700000.0,35000.0,4.0,150000,Ethan, Lee,0,1,0,1,0,0,0,0,1,0,0,0,0,0,1,0,0,0,0,1,0
111,156,Chloe Smith,31,7,8,3.0,500.0,1000000.0,60000.0,5.0,230000,Chloe, Smith,1,0,0,0,0,1,0,0,1,0,0,0,0,0,1,0,0,0,0,0,1
112,157,Matthew Nguyen,30,8,7,3.0,500.0,1100000.0,65000.0,5.0,250000,Matthew, Nguyen,0,1,0,1,0,0,0,0,0,0,0,0,1,0,1,0,0,0,0,1,0
113,158,Emma Garcia,26,5,9,2.0,350.0,800000.0,40000.0,4.0,150000,Emma, Garcia,1,0,1,0,0,0,0,0,0,0,0,0,1,0,1,0,0,0,0,0,1
114,159,Lucas Nguyen,32,9,8,4.0,600.0,1300000.0,75000.0,5.0,300000,Lucas, Nguyen,0,1,0,1,0,0,0,0,0,0,1,0,0,0,0,0,0,0,1,1,0
115,160,Sophia Brown,33,8,7,3.0,450.0,950000.0,50000.0,4.0,220000,Sophia, Brown,1,0,0,0,0,1,0,0,1,0,0,0,0,0,1,0,0,0,0,0,1
116,161,William Kim,29,6,8,2.0,400.0,900000.0,45000.0,4.0,200000,William, Kim,0,1,0,1,0,0,0,0,0,0,0,1,0,0,1,0,0,0,0,1,0
117,162,Ella Hernandez,27,5,7,2.0,350.0,800000.0,40000.0,4.0,150000,Ella, Hernandez,1,0,1,0,0,0,0,0,0,0,0,0,1,0,1,0,0,0,0,0,1
118,163,Alexander Rodriguez,35,10,9,5.0,700.0,1400000.0,80000.0,6.0,350000,Alexander, Rodriguez,0,1,0,0,0,1,0,0,0,0,0,0,0,1,0,0,0,1,0,1,0
119,164,Sophia Smith,28,6,8,2.0,300.0,750000.0,35000.0,4.0,180000,Sophia, Smith,1,0,0,0,0,1,0,0,1,0,0,0,0,0,1,0,0,0,0,1,0
120,165,Ethan Martinez,34,8,7,3.0,500.0,1000000.0,60000.0,5.0,250000,Ethan, Martinez,0,1,0,0,0,1,0,0,0,0,0,0,1,0,1,0,0,0,0,0,1
121,166,Ava Lopez,29,6,8,3.0,450.0,950000.0,50000.0,4.0,220000,Ava, Lopez,1,0,1,0,0,0,0,0,0,1,0,0,0,0,0,1,0,0,0,0,1
122,167,Noah Kim,32,7,7,2.0,400.0,850000.0,45000.0,4.0,200000,Noah, Kim,0,1,0,1,0,0,0,0,0,0,1,0,0,0,1,0,0,0,0,1,0
123,168,Sophia Nguyen,30,8,7,3.0,500.0,1100000.0,65000.0,5.0,230000,Sophia, Nguyen,1,0,0,1,0,0,0,0,0,0,0,1,0,0,1,0,0,0,0,1,0
124,169,James Lee,28,5,8,2.0,400.0,850000.0,45000.0,4.0,180000,James, Lee,0,1,0,1,0,0,0,0,0,0,0,1,0,0,1,0,0,0,0,1,0
125,171,Logan Martinez,30,6,9,4.0,600.0,1200000.0,70000.0,5.0,250000,Logan, Martinez,0,1,0,0,0,1,0,0,0,0,0,0,0,1,0,0,0,1,0,1,0
126,172,Ava Kim,29,6,8,2.0,350.0,800000.0,40000.0,4.0,150000,Ava, Kim,1,0,0,1,0,0,0,0,0,0,0,0,1,0,1,0,0,0,0,0,1
127,173,Noah Rodriguez,33,7,7,3.0,450.0,950000.0,50000.0,4.0,220000,Noah, Rodriguez,0,1,0,0,0,1,0,0,1,0,0,0,0,0,1,0,0,0,0,0,1
128,184,Amara Patel,29,6,8,3.0,450.0,950000.0,50000.0,4.0,180000,Amara, Patel,1,0,0,1,0,0,0,0,0,0,0,0,1,0,1,0,0,0,0,1,0
129,185,Rohan Gupta,33,7,9,4.0,600.0,1200000.0,70000.0,5.0,250000,Rohan, Gupta,0,1,0,1,0,0,0,0,0,0,0,0,0,1,0,0,0,1,0,1,0
130,186,Leila Ahmed,30,8,7,3.0,500.0,1000000.0,60000.0,5.0,220000,Leila, Ahmed,1,0,0,0,0,0,0,0,0,0,0,1,0,0,1,0,0,0,0,1,0
131,187,Ali Khan,35,9,8,4.0,550.0,1100000.0,65000.0,5.0,280000,Ali, Khan,0,1,0,0,1,0,0,0,0,1,0,0,0,0,0,1,0,0,0,0,1
132,188,Neha Patel,29,6,7,2.0,400.0,850000.0,45000.0,4.0,200000,Neha, Patel,1,0,0,1,0,0,0,0,0,0,1,0,0,0,1,0,0,0,0,0,1
133,189,Vikram Sharma,28,5,9,2.0,300.0,700000.0,35000.0,4.0,150000,Vikram, Sharma,0,1,0,1,0,0,0,0,1,0,0,0,0,0,1,0,0,0,0,1,0
134,190,Aisha Khan,31,7,8,3.0,500.0,1000000.0,60000.0,5.0,230000,Aisha, Khan,1,0,0,0,1,0,0,0,1,0,0,0,0,0,1,0,0,0,0,0,1
135,191,Kabir Singh,30,8,7,3.0,500.0,1100000.0,65000.0,5.0,250000,Kabir, Singh,0,1,0,1,0,0,0,0,0,0,0,0,1,0,1,0,0,0,0,1,0
136,192,Zara Ali,26,5,9,2.0,350.0,800000.0,40000.0,4.0,150000,Zara, Ali,1,0,0,0,1,0,0,0,0,0,0,0,1,0,1,0,0,0,0,0,1
137,193,Arjun Reddy,32,9,8,4.0,600.0,1300000.0,75000.0,5.0,300000,Arjun, Reddy,0,1,0,1,0,0,0,0,0,0,1,0,0,0,0,0,0,0,1,1,0
138,194,Priya Singh,33,8,7,3.0,450.0,950000.0,50000.0,4.0,220000,Priya, Singh,1,0,0,1,0,0,0,0,1,0,0,0,0,0,1,0,0,0,0,0,1
139,195,Raj Patel,29,6,8,2.0,400.0,900000.0,45000.0,4.0,200000,Raj, Patel,0,1,0,1,0,0,0,0,0,0,0,1,0,0,1,0,0,0,0,1,0
140,196,Anaya Khan,27,5,7,2.0,350.0,800000.0,40000.0,4.0,150000,Anaya, Khan,1,0,0,0,1,0,0,0,0,0,0,0,1,0,1,0,0,0,0,0,1
141,197,Aryan Patel,34,8,9,4.0,600.0,1200000.0,70000.0,5.0,250000,Aryan, Patel,0,1,0,1,0,0,0,0,0,0,0,0,0,1,0,0,0,1,0,1,0
142,198,Meera Reddy,28,6,8,2.0,300.0,750000.0,35000.0,4.0,180000,Meera, Reddy,1,0,0,1,0,0,0,0,1,0,0,0,0,0,1,0,0,0,0,1,0
143,199,Fatima Ahmed,29,7,8,3.0,500.0,1000000.0,60000.0,5.0,230000,Fatima, Ahmed,1,0,0,0,0,0,0,0,0,0,0,0,1,0,1,0,0,0,0,0,1
144,200,Ravi Sharma,32,7,8,3.0,450.0,950000.0,50000.0,4.0,220000,Ravi, Sharma,0,1,0,1,0,0,0,0,0,1,0,0,0,0,0,1,0,0,0,1,0
145,201,Sanya Khan,28,6,8,3.0,550.0,1200000.0,70000.0,5.0,280000,Sanya, Khan,1,0,0,0,1,0,0,0,0,0,1,0,0,0,1,0,0,0,0,0,1
146,202,Vishal Singh,30,7,7,3.0,500.0,1100000.0,65000.0,5.0,250000,Vishal, Singh,0,1,0,1,0,0,0,0,0,0,0,1,0,0,1,0,0,0,0,1,0
147,203,Alisha Patel,26,5,8,2.0,400.0,850000.0,45000.0,4.0,200000,Alisha, Patel,1,0,0,1,0,0,0,0,0,0,0,1,0,0,1,0,0,0,0,0,1
148,204,Sanjay Reddy,35,8,7,3.0,450.0,950000.0,50000.0,4.0,220000,Sanjay, Reddy,0,1,0,1,0,0,0,0,1,0,0,0,0,0,1,0,0,0,0,0,1
149,205,Zoya Khan,29,6,8,3.0,450.0,950000.0,50000.0,4.0,220000,Zoya, Khan,1,0,0,0,1,0,0,0,0,1,0,0,0,0,0,1,0,0,0,0,1
150,206,Rahul Patel,31,7,7,2.0,400.0,850000.0,45000.0,4.0,200000,Rahul, Patel,0,1,0,1,0,0,0,0,0,0,1,0,0,0,1,0,0,0,0,1,0
151,207,Anaya Reddy,30,8,9,4.0,600.0,1200000.0,70000.0,5.0,250000,Anaya, Reddy,1,0,0,1,0,0,0,0,0,0,0,0,0,1,0,0,0,1,0,1,0
152,208,Aman Singh,29,6,8,2.0,400.0,900000.0,45000.0,4.0,200000,Aman, Singh,0,1,0,1,0,0,0,0,0,0,0,1,0,0,1,0,0,0,0,1,0
153,209,Neha Patel,33,8,7,3.0,500.0,1000000.0,60000.0,5.0,250000,Neha, Patel,1,0,0,1,0,0,0,0,0,0,0,0,1,0,1,0,0,0,0,0,1
154,210,Arjun Khan,30,7,8,3.0,500.0,1000000.0,60000.0,5.0,280000,Arjun, Khan,0,1,0,0,1,0,0,0,1,0,0,0,0,0,1,0,0,0,0,0,1
155,211,Sofia Ahmed,27,6,8,2.0,350.0,800000.0,40000.0,4.0,150000,Sofia, Ahmed,1,0,0,0,0,0,0,0,0,0,0,0,1,0,1,0,0,0,0,1,0
156,212,Rohan Sharma,34,8,7,3.0,450.0,950000.0,50000.0,4.0,220000,Rohan, Sharma,0,1,0,1,0,0,0,0,1,0,0,0,0,0,1,0,0,0,0,0,1
157,213,Anika Patel,29,6,8,3.0,450.0,950000.0,50000.0,4.0,220000,Anika, Patel,1,0,0,1,0,0,0,0,0,1,0,0,0,0,0,1,0,0,0,0,1
158,214,Raj Gupta,30,7,7,2.0,400.0,850000.0,45000.0,4.0,200000,Raj, Gupta,0,1,0,1,0,0,0,0,0,0,1,0,0,0,1,0,0,0,0,1,0
159,215,Ayesha Khan,28,6,8,3.0,500.0,1000000.0,60000.0,5.0,230000,Ayesha, Khan,1,0,0,0,1,0,0,0,1,0,0,0,0,0,1,0,0,0,0,0,1
160,216,Vikram Patel,35,8,7,3.0,500.0,1000000.0,60000.0,5.0,250000,Vikram, Patel,0,1,0,1,0,0,0,0,0,0,0,0,1,0,1,0,0,0,0,1,0
161,217,Sana Khan,30,7,8,3.0,550.0,1200000.0,70000.0,5.0,280000,Sana, Khan,1,0,0,0,1,0,0,0,0,0,0,0,0,1,0,0,0,1,0,0,1
162,218,Arun Sharma,29,6,8,2.0,300.0,750000.0,35000.0,4.0,180000,Arun, Sharma,0,1,0,1,0,0,0,0,1,0,0,0,0,0,1,0,0,0,0,1,0
163,219,Meera Khan,32,7,7,3.0,450.0,950000.0,50000.0,4.0,220000,Meera, Khan,1,0,0,0,1,0,0,0,1,0,0,0,0,0,1,0,0,0,0,0,1
164,220,Vivek Patel,30,6,8,3.0,450.0,950000.0,50000.0,4.0,220000,Vivek, Patel,0,1,0,1,0,0,0,0,0,1,0,0,0,0,0,1,0,0,0,1,0
165,221,Ananya Reddy,28,5,8,2.0,400.0,850000.0,45000.0,4.0,180000,Ananya, Reddy,1,0,0,1,0,0,0,0,0,0,1,0,0,0,1,0,0,0,0,1,0
166,222,Rajesh Kumar,33,8,7,3.0,500.0,1000000.0,60000.0,5.0,250000,Rajesh, Kumar,0,1,0,1,0,0,0,0,1,0,0,0,0,0,1,0,0,0,0,0,1
167,223,Sara Patel,29,6,8,3.0,500.0,1000000.0,60000.0,5.0,250000,Sara, Patel,1,0,0,1,0,0,0,0,0,0,0,0,1,0,1,0,0,0,0,0,1
168,224,Aditya Singh,30,7,8,3.0,500.0,1000000.0,60000.0,5.0,280000,Aditya, Singh,0,1,0,1,0,0,0,0,1,0,0,0,0,0,1,0,0,0,0,0,1
169,225,Anushka Khan,27,6,8,2.0,350.0,800000.0,40000.0,4.0,150000,Anushka, Khan,1,0,0,0,1,0,0,0,0,0,0,0,1,0,1,0,0,0,0,1,0
170,226,Rahul Sharma,34,8,7,3.0,450.0,950000.0,50000.0,4.0,220000,Rahul, Sharma,0,1,0,1,0,0,0,0,1,0,0,0,0,0,1,0,0,0,0,0,1
171,227,Aarti Patel,29,6,8,3.0,450.0,950000.0,50000.0,4.0,220000,Aarti, Patel,1,0,0,1,0,0,0,0,0,1,0,0,0,0,0,1,0,0,0,0,1
172,228,Vikas Gupta,30,7,7,2.0,400.0,850000.0,45000.0,4.0,200000,Vikas, Gupta,0,1,0,1,0,0,0,0,0,0,1,0,0,0,1,0,0,0,0,1,0
173,229,Sonia Khan,28,6,8,3.0,500.0,1000000.0,60000.0,5.0,230000,Sonia, Khan,1,0,0,0,1,0,0,0,1,0,0,0,0,0,1,0,0,0,0,0,1
174,230,Rohit Sharma,35,8,7,3.0,500.0,1000000.0,60000.0,5.0,250000,Rohit, Sharma,0,1,0,1,0,0,0,0,0,0,0,0,1,0,1,0,0,0,0,1,0
175,231,Laila Hassan,29,6,8,3.0,450.0,950000.0,50000.0,4.0,180000,Laila, Hassan,1,0,0,0,0,0,0,0,0,0,0,0,1,0,1,0,0,0,0,1,0
176,232,Khalid Mahmoud,33,7,9,4.0,600.0,1200000.0,70000.0,5.0,250000,Khalid, Mahmoud,0,1,0,0,0,0,0,0,0,0,0,0,0,1,0,0,0,1,0,1,0
177,233,Nina Petrov,30,8,7,3.0,500.0,1000000.0,60000.0,5.0,220000,Nina, Petrov,1,0,0,1,0,0,0,0,0,0,0,1,0,0,1,0,0,0,0,1,0
178,234,Dmitri Ivanov,35,9,8,4.0,550.0,1100000.0,65000.0,5.0,280000,Dmitri, Ivanov,0,1,0,1,0,0,0,0,0,1,0,0,0,0,0,1,0,0,0,0,1
179,235,Sofia Petrova,29,6,7,2.0,400.0,850000.0,45000.0,4.0,200000,Sofia, Petrova,1,0,0,1,0,0,0,0,0,0,1,0,0,0,1,0,0,0,0,0,1
180,236,Alexei Popov,28,5,9,2.0,300.0,700000.0,35000.0,4.0,150000,Alexei, Popov,0,1,0,1,0,0,0,0,1,0,0,0,0,0,1,0,0,0,0,1,0
181,237,Nadia Ivanova,31,7,8,3.0,500.0,1000000.0,60000.0,5.0,230000,Nadia, Ivanova,1,0,0,1,0,0,0,0,1,0,0,0,0,0,1,0,0,0,0,0,1
182,238,Vladimir Sokolov,30,8,7,3.0,500.0,1100000.0,65000.0,5.0,250000,Vladimir, Sokolov,0,1,0,1,0,0,0,0,0,0,0,0,1,0,1,0,0,0,0,1,0
183,239,Anastasia Volkova,26,5,9,2.0,350.0,800000.0,40000.0,4.0,150000,Anastasia, Volkova,1,0,0,1,0,0,0,0,0,0,0,0,1,0,1,0,0,0,0,0,1
184,240,Nikolai Fedorov,32,9,8,4.0,600.0,1300000.0,75000.0,5.0,300000,Nikolai, Fedorov,0,1,0,1,0,0,0,0,0,0,1,0,0,0,0,0,0,0,1,1,0
185,241,Daria Petrov,33,8,7,3.0,450.0,950000.0,50000.0,4.0,220000,Daria, Petrov,1,0,0,1,0,0,0,0,1,0,0,0,0,0,1,0,0,0,0,0,1
186,242,Sergei Ivanov,29,6,8,2.0,400.0,900000.0,45000.0,4.0,200000,Sergei, Ivanov,0,1,0,1,0,0,0,0,0,0,0,1,0,0,1,0,0,0,0,1,0
187,243,Ekaterina Smirnova,27,5,7,2.0,350.0,800000.0,40000.0,4.0,150000,Ekaterina, Smirnova,1,0,0,1,0,0,0,0,0,0,0,0,1,0,1,0,0,0,0,0,1
188,244,Ivan Volkov,34,8,9,4.0,600.0,1200000.0,70000.0,5.0,250000,Ivan, Volkov,0,1,0,1,0,0,0,0,0,0,0,0,0,1,0,0,0,1,0,1,0
189,245,Olga Romanova,28,6,8,2.0,300.0,750000.0,35000.0,4.0,180000,Olga, Romanova,1,0,0,1,0,0,0,0,1,0,0,0,0,0,1,0,0,0,0,1,0
190,246,Andrei Ivanov,30,7,8,3.0,500.0,1000000.0,60000.0,5.0,230000,Andrei, Ivanov,0,1,0,1,0,0,0,0,1,0,0,0,0,0,1,0,0,0,0,0,1
191,247,Natalia Petrova,29,6,8,3.0,450.0,950000.0,50000.0,4.0,220000,Natalia, Petrova,1,0,0,1,0,0,0,0,0,1,0,0,0,0,0,1,0,0,0,0,1
192,248,Mikhail Ivanov,32,7,7,2.0,400.0,850000.0,45000.0,4.0,200000,Mikhail, Ivanov,0,1,0,1,0,0,0,0,0,0,1,0,0,0,1,0,0,0,0,1,0
193,249,Maria Ivanova,30,8,7,3.0,500.0,1100000.0,65000.0,5.0,230000,Maria, Ivanova,1,0,0,1,0,0,0,0,0,0,0,1,0,0,1,0,0,0,0,1,0
194,250,Sergei Petrov,28,5,8,2.0,400.0,850000.0,45000.0,4.0,180000,Sergei, Petrov,0,1,0,1,0,0,0,0,0,0,0,1,0,0,1,0,0,0,0,1,0
195,251,Ekaterina Ivanova,31,7,8,3.0,500.0,1000000.0,60000.0,5.0,230000,Ekaterina, Ivanova,1,0,0,1,0,0,0,0,1,0,0,0,0,0,1,0,0,0,0,0,1
196,252,Nikolai Ivanov,35,8,7,3.0,500.0,1000000.0,60000.0,5.0,250000,Nikolai, Ivanov,0,1,0,1,0,0,0,0,0,0,0,0,1,0,1,0,0,0,0,1,0
197,253,Natalia Smirnova,30,7,8,3.0,550.0,1200000.0,70000.0,5.0,280000,Natalia, Smirnova,1,0,0,1,0,0,0,0,0,0,0,0,0,1,0,0,0,1,0,0,1
198,254,Andrei Volkov,29,6,7,2.0,300.0,750000.0,35000.0,4.0,180000,Andrei, Volkov,0,1,0,1,0,0,0,0,1,0,0,0,0,0,1,0,0,0,0,1,0
199,255,Yulia Ivanova,32,7,7,3.0,450.0,950000.0,50000.0,4.0,220000,Yulia, Ivanova,1,0,0,1,0,0,0,0,1,0,0,0,0,0,1,0,0,0,0,0,1
200,256,Sergei Smirnov,30,8,7,3.0,450.0,950000.0,50000.0,4.0,220000,Sergei, Smirnov,0,1,0,1,0,0,0,0,0,1,0,0,0,0,0,1,0,0,0,1,0
201,257,Anastasia Ivanova,28,5,8,2.0,400.0,850000.0,45000.0,4.0,180000,Anastasia, Ivanova,1,0,0,1,0,0,0,0,0,0,1,0,0,0,1,0,0,0,0,1,0
202,258,Dmitri Smirnov,33,8,7,3.0,500.0,1000000.0,60000.0,5.0,250000,Dmitri, Smirnov,0,1,0,1,0,0,0,0,1,0,0,0,0,0,1,0,0,0,0,0,1
203,259,Irina Petrova,29,6,8,3.0,500.0,1000000.0,60000.0,5.0,250000,Irina, Petrova,1,0,0,1,0,0,0,0,0,0,0,0,1,0,1,0,0,0,0,0,1
204,260,Alexei Romanov,30,7,8,3.0,500.0,1000000.0,60000.0,5.0,280000,Alexei, Romanov,0,1,0,1,0,0,0,0,1,0,0,0,0,0,1,0,0,0,0,0,1
205,261,Nina Ivanova,27,6,8,2.0,350.0,800000.0,40000.0,4.0,150000,Nina, Ivanova,1,0,0,1,0,0,0,0,0,0,0,0,1,0,1,0,0,0,0,1,0
206,262,Ivan Smirnov,34,8,7,3.0,450.0,950000.0,50000.0,4.0,220000,Ivan, Smirnov,0,1,0,1,0,0,0,0,1,0,0,0,0,0,1,0,0,0,0,0,1
207,263,Yulia Petrova,29,6,8,3.0,450.0,950000.0,50000.0,4.0,220000,Yulia, Petrova,1,0,0,1,0,0,0,0,0,1,0,0,0,0,0,1,0,0,0,0,1
208,264,Andrei Gupta,30,7,7,2.0,400.0,850000.0,45000.0,4.0,200000,Andrei, Gupta,0,1,0,1,0,0,0,0,0,0,1,0,0,0,1,0,0,0,0,1,0
209,265,Olga Ivanova,28,6,8,3.0,500.0,1000000.0,60000.0,5.0,230000,Olga, Ivanova,1,0,0,1,0,0,0,0,1,0,0,0,0,0,1,0,0,0,0,0,1
210,266,Igor Smirnov,35,8,7,3.0,500.0,1000000.0,60000.0,5.0,250000,Igor, Smirnov,0,1,0,1,0,0,0,0,0,0,0,0,1,0,1,0,0,0,0,1,0
211,267,Ahmed Hassan,32,7,8,3.0,450.0,950000.0,50000.0,4.0,180000,Ahmed, Hassan,0,1,0,0,0,0,0,0,0,0,0,0,1,0,1,0,0,0,0,1,0
212,268,Noura Khalifa,29,6,9,4.0,600.0,1200000.0,70000.0,5.0,250000,Noura, Khalifa,1,0,0,0,0,0,0,0,0,0,0,0,0,1,0,0,0,1,0,1,0
213,269,Jasmin Al-Farsi,31,8,7,3.0,500.0,1000000.0,60000.0,5.0,220000,Jasmin, Al-Farsi,1,0,0,0,0,0,0,0,0,0,0,1,0,0,1,0,0,0,0,1,0
214,270,Rashid Khan,35,9,8,4.0,550.0,1100000.0,65000.0,5.0,280000,Rashid, Khan,0,1,0,0,1,0,0,0,0,1,0,0,0,0,0,1,0,0,0,0,1
215,271,Leila Mahmoud,30,7,7,2.0,400.0,850000.0,45000.0,4.0,200000,Leila, Mahmoud,1,0,0,0,0,0,0,0,0,0,1,0,0,0,1,0,0,0,0,0,1
216,272,Karim Al-Maktoum,28,5,9,2.0,300.0,700000.0,35000.0,4.0,150000,Karim, Al-Maktoum,0,1,0,0,0,0,0,0,1,0,0,0,0,0,1,0,0,0,0,1,0
217,273,Sara Al-Saud,31,8,8,3.0,500.0,1000000.0,60000.0,5.0,230000,Sara, Al-Saud,1,0,0,0,0,0,0,0,1,0,0,0,0,0,1,0,0,0,0,0,1
218,274,Omar Al-Khaleel,30,8,7,3.0,500.0,1100000.0,65000.0,5.0,250000,Omar, Al-Khaleel,0,1,0,0,0,0,0,0,0,0,0,0,1,0,1,0,0,0,0,1,0
219,275,Maya Al-Ahmadi,26,5,9,2.0,350.0,800000.0,40000.0,4.0,150000,Maya, Al-Ahmadi,1,0,0,0,0,0,0,0,0,0,0,0,1,0,1,0,0,0,0,0,1
220,276,Ali Al-Malik,32,9,8,4.0,600.0,1300000.0,75000.0,5.0,300000,Ali, Al-Malik,0,1,0,0,0,0,0,0,0,0,1,0,0,0,0,0,0,0,1,1,0
221,277,Layla Omar,33,8,7,3.0,450.0,950000.0,50000.0,4.0,220000,Layla, Omar,1,0,0,0,0,0,0,0,1,0,0,0,0,0,1,0,0,0,0,0,1
222,278,Ahmad Ibrahim,29,6,8,2.0,400.0,900000.0,45000.0,4.0,200000,Ahmad, Ibrahim,0,1,0,0,0,0,0,0,0,0,0,1,0,0,1,0,0,0,0,1,0
223,279,Fatima Al-Khouri,27,5,7,2.0,350.0,800000.0,40000.0,4.0,150000,Fatima, Al-Khouri,1,0,0,0,0,0,0,0,0,0,0,0,1,0,1,0,0,0,0,0,1
224,280,Hassan Abdullah,34,8,9,4.0,600.0,1200000.0,70000.0,5.0,250000,Hassan, Abdullah,0,1,0,0,0,0,0,0,0,0,0,0,0,1,0,0,0,1,0,1,0
225,281,Aisha Al-Nasr,28,6,8,2.0,300.0,750000.0,35000.0,4.0,180000,Aisha, Al-Nasr,1,0,0,0,0,0,0,0,1,0,0,0,0,0,1,0,0,0,0,1,0
226,282,Yasir Al-Awadi,31,7,8,3.0,500.0,1000000.0,60000.0,5.0,230000,Yasir, Al-Awadi,0,1,0,0,0,0,0,0,1,0,0,0,0,0,1,0,0,0,0,0,1
227,283,Leila Al-Farsi,29,6,8,3.0,450.0,950000.0,50000.0,4.0,220000,Leila, Al-Farsi,1,0,0,0,0,0,0,0,0,1,0,0,0,0,0,1,0,0,0,0,1
228,284,Ahmed Ibrahim,33,8,7,2.0,400.0,850000.0,45000.0,4.0,200000,Ahmed, Ibrahim,0,1,0,0,0,0,0,0,0,0,1,0,0,0,1,0,0,0,0,1,0
229,285,Hana Al-Salem,30,7,7,3.0,500.0,1100000.0,65000.0,5.0,230000,Hana, Al-Salem,1,0,0,0,0,0,0,0,0,0,0,1,0,0,1,0,0,0,0,1,0
230,286,Khalid Al-Abadi,28,6,8,2.0,400.0,850000.0,45000.0,4.0,180000,Khalid, Al-Abadi,0,1,0,0,0,0,0,0,0,0,0,1,0,0,1,0,0,0,0,1,0
231,287,Lina Al-Khalifa,31,7,8,3.0,500.0,1000000.0,60000.0,5.0,230000,Lina, Al-Khalifa,1,0,0,0,1,0,0,0,1,0,0,0,0,0,1,0,0,0,0,0,1
232,288,Fahad Al-Rashid,32,7,7,3.0,500.0,1000000.0,60000.0,5.0,250000,Fahad, Al-Rashid,0,1,0,0,0,0,0,0,0,0,0,0,1,0,1,0,0,0,0,1,0
233,289,Rania Ibrahim,28,6,8,3.0,550.0,1200000.0,70000.0,5.0,280000,Rania, Ibrahim,1,0,0,0,0,0,0,0,0,0,0,0,0,1,0,0,0,1,0,0,1
234,290,Majid Al-Khalaf,29,6,7,2.0,300.0,750000.0,35000.0,4.0,180000,Majid, Al-Khalaf,0,1,0,0,0,0,0,0,1,0,0,0,0,0,1,0,0,0,0,1,0
235,291,Salma Al-Najjar,32,7,7,3.0,450.0,950000.0,50000.0,4.0,220000,Salma, Al-Najjar,1,0,0,0,0,0,0,0,1,0,0,0,0,0,1,0,0,0,0,0,1
236,292,Liam Smith,28,6,8,3.0,400.0,850000.0,45000.0,4.0,200000,Liam, Smith,0,1,1,0,0,0,0,0,0,0,0,1,0,0,1,0,0,0,0,1,0
237,293,Ella Johnson,33,8,7,2.0,350.0,800000.0,40000.0,4.0,180000,Ella, Johnson,1,0,0,0,0,1,0,0,0,0,0,0,1,0,1,0,0,0,0,0,1
238,294,Mohammed Rahman,30,7,9,4.0,600.0,1200000.0,70000.0,5.0,250000,Mohammed, Rahman,0,1,0,1,0,0,0,0,0,0,0,0,0,1,0,0,0,1,0,1,0
239,295,Ava Martinez,29,6,8,3.0,500.0,1000000.0,60000.0,5.0,220000,Ava, Martinez,1,0,0,0,0,1,0,0,0,0,1,0,0,0,1,0,0,0,0,1,0
240,296,Noah Lee,31,8,8,3.0,500.0,1000000.0,60000.0,5.0,230000,Noah, Lee,0,1,0,1,0,0,0,0,1,0,0,0,0,0,1,0,0,0,0,0,1
241,297,Sophia Kim,27,5,8,2.0,350.0,800000.0,40000.0,4.0,150000,Sophia, Kim,1,0,0,1,0,0,0,0,0,1,0,0,0,0,0,1,0,0,0,0,1
242,298,William Wong,35,9,9,4.0,550.0,1100000.0,65000.0,5.0,280000,William, Wong,0,1,0,1,0,0,0,0,1,0,0,0,0,0,1,0,0,0,0,1,0
243,299,Olivia Liu,30,8,7,3.0,450.0,950000.0,50000.0,4.0,220000,Olivia, Liu,1,0,0,1,0,0,0,0,1,0,0,0,0,0,1,0,0,0,0,0,1
244,300,James Chen,29,6,7,3.0,500.0,1100000.0,65000.0,5.0,250000,James, Chen,0,1,0,1,0,0,0,0,0,0,0,0,1,0,1,0,0,0,0,1,0
245,301,Emma Chang,26,5,9,2.0,400.0,850000.0,45000.0,4.0,200000,Emma, Chang,1,0,0,1,0,0,0,0,0,0,0,0,1,0,1,0,0,0,0,1,0
246,302,Alexander Nguyen,32,7,8,4.0,600.0,1300000.0,75000.0,5.0,300000,Alexander, Nguyen,0,1,0,1,0,0,0,0,0,0,1,0,0,0,0,0,0,0,1,1,0
247,303,Isabella Tran,28,6,7,3.0,450.0,950000.0,50000.0,4.0,220000,Isabella, Tran,1,0,0,1,0,0,0,0,1,0,0,0,0,0,1,0,0,0,0,0,1
248,304,Daniel Martinez,30,7,9,4.0,600.0,1200000.0,70000.0,5.0,250000,Daniel, Martinez,0,1,0,0,0,1,0,0,0,0,0,0,0,1,0,0,0,1,0,1,0
249,305,Mia Rodriguez,29,6,8,2.0,400.0,900000.0,45000.0,4.0,200000,Mia, Rodriguez,1,0,0,0,0,1,0,0,1,0,0,0,0,0,1,0,0,0,0,1,0
250,306,Jayden Fernandez,33,8,7,3.0,500.0,1000000.0,60000.0,5.0,250000,Jayden, Fernandez,0,1,1,0,0,0,0,0,0,0,0,0,1,0,1,0,0,0,0,0,1
251,307,Sofia Lopez,27,6,8,3.0,500.0,1000000.0,60000.0,5.0,280000,Sofia, Lopez,1,0,1,0,0,0,0,0,1,0,0,0,0,0,1,0,0,0,0,0,1
252,308,David Garcia,35,8,7,3.0,450.0,950000.0,50000.0,4.0,220000,David, Garcia,0,1,1,0,0,0,0,0,0,1,0,0,0,0,0,1,0,0,0,1,0
253,309,Camila Hernandez,28,6,8,2.0,400.0,850000.0,45000.0,4.0,200000,Camila, Hernandez,1,0,1,0,0,0,0,0,0,0,1,0,0,0,1,0,0,0,0,1,0
254,310,Lucas Martinez,29,6,7,3.0,500.0,1100000.0,65000.0,5.0,230000,Lucas, Martinez,0,1,0,0,0,1,0,0,0,0,0,1,0,0,1,0,0,0,0,1,0
255,311,Valentina Gomez,31,7,8,3.0,500.0,1000000.0,60000.0,5.0,230000,Valentina, Gomez,1,0,0,0,0,1,0,0,1,0,0,0,0,0,1,0,0,0,0,0,1
256,312,Diego Suarez,28,6,8,3.0,500.0,1000000.0,60000.0,5.0,250000,Diego, Suarez,0,1,0,0,0,1,0,0,0,0,0,0,1,0,1,0,0,0,0,1,0
257,313,Gabriela Garcia,30,7,8,3.0,550.0,1200000.0,70000.0,5.0,280000,Gabriela, Garcia,1,0,0,0,0,1,0,0,0,0,0,0,0,1,0,0,0,1,0,0,1
258,314,Javier Hernandez,29,6,7,2.0,300.0,750000.0,35000.0,4.0,180000,Javier, Hernandez,0,1,0,0,0,1,0,0,1,0,0,0,0,0,1,0,0,0,0,1,0
259,315,Valeria Martinez,32,7,7,3.0,450.0,950000.0,50000.0,4.0,220000,Valeria, Martinez,1,0,0,0,0,1,0,0,1,0,0,0,0,0,1,0,0,0,0,0,1
260,316,Carlos Gomez,30,8,7,3.0,450.0,950000.0,50000.0,4.0,220000,Carlos, Gomez,0,1,0,0,0,1,0,0,0,1,0,0,0,0,0,1,0,0,0,1,0
261,317,Sofia Ramirez,28,6,8,2.0,400.0,850000.0,45000.0,4.0,180000,Sofia, Ramirez,1,0,0,0,0,1,0,0,0,0,1,0,0,0,1,0,0,0,0,1,0
262,318,Emily Baker,27,6,8,3.0,400.0,850000.0,45000.0,4.0,200000,Emily, Baker,1,0,0,0,0,1,0,0,0,0,0,1,0,0,1,0,0,0,0,1,0
263,319,Elijah Brown,31,7,7,2.0,350.0,800000.0,40000.0,4.0,180000,Elijah, Brown,0,1,0,0,0,1,0,0,0,0,0,0,1,0,1,0,0,0,0,0,1
264,320,Ava Patel,29,6,9,4.0,600.0,1200000.0,70000.0,5.0,250000,Ava, Patel,1,0,0,1,0,0,0,0,0,0,0,0,0,1,0,0,0,1,0,1,0
265,321,Ethan Nguyen,30,8,8,3.0,500.0,1000000.0,60000.0,5.0,220000,Ethan, Nguyen,0,1,0,1,0,0,0,0,0,0,1,0,0,0,1,0,0,0,0,1,0
266,322,Sophia Kim,27,5,8,3.0,500.0,1000000.0,60000.0,5.0,230000,Sophia, Kim,1,0,0,1,0,0,0,0,1,0,0,0,0,0,1,0,0,0,0,0,1
267,323,William Chen,35,9,8,4.0,550.0,1100000.0,65000.0,5.0,280000,William, Chen,0,1,0,1,0,0,0,0,0,1,0,0,0,0,0,1,0,0,0,0,1
268,324,Olivia Rodriguez,30,8,9,2.0,400.0,900000.0,45000.0,4.0,200000,Olivia, Rodriguez,1,0,0,0,0,1,0,0,1,0,0,0,0,0,1,0,0,0,0,1,0
269,325,James Garcia,28,6,7,3.0,450.0,950000.0,50000.0,4.0,220000,James, Garcia,0,1,1,0,0,0,0,0,1,0,0,0,0,0,1,0,0,0,0,0,1
270,326,Emma Martinez,32,7,7,3.0,500.0,1100000.0,65000.0,5.0,250000,Emma, Martinez,1,0,0,0,0,1,0,0,0,0,0,0,1,0,1,0,0,0,0,1,0
271,327,Daniel Lopez,29,6,9,2.0,400.0,850000.0,45000.0,4.0,200000,Daniel, Lopez,0,1,0,0,0,1,0,0,0,0,0,0,1,0,1,0,0,0,0,1,0
272,328,Sophia Nguyen,31,7,8,4.0,600.0,1300000.0,75000.0,5.0,300000,Sophia, Nguyen,1,0,0,1,0,0,0,0,0,0,1,0,0,0,0,0,0,0,1,1,0
273,329,Alexander Tran,28,6,7,3.0,450.0,950000.0,50000.0,4.0,220000,Alexander, Tran,0,1,0,1,0,0,0,0,1,0,0,0,0,0,1,0,0,0,0,0,1
274,330,Mia Garcia,30,7,9,4.0,600.0,1200000.0,70000.0,5.0,250000,Mia, Garcia,1,0,0,0,0,1,0,0,0,0,0,0,0,1,0,0,0,1,0,1,0
275,331,Noah Hernandez,29,6,8,2.0,400.0,900000.0,45000.0,4.0,200000,Noah, Hernandez,0,1,0,0,0,1,0,0,1,0,0,0,0,0,1,0,0,0,0,1,0
276,332,Isabella Rodriguez,32,7,7,3.0,500.0,1000000.0,60000.0,5.0,230000,Isabella, Rodriguez,1,0,0,0,0,1,0,0,0,0,0,0,1,0,1,0,0,0,0,0,1
277,333,Liam Gomez,30,8,8,3.0,500.0,1000000.0,60000.0,5.0,280000,Liam, Gomez,0,1,0,0,0,1,0,0,1,0,0,0,0,0,1,0,0,0,0,0,1
278,334,Sophia Martinez,28,6,7,3.0,450.0,950000.0,50000.0,4.0,220000,Sophia, Martinez,1,0,0,0,0,1,0,0,0,1,0,0,0,0,0,1,0,0,0,1,0
279,335,Oliver Garcia,32,7,7,2.0,400.0,850000.0,45000.0,4.0,200000,Oliver, Garcia,0,1,0,0,0,1,0,0,0,0,1,0,0,0,1,0,0,0,0,1,0
280,336,Ava Rodriguez,29,6,7,3.0,500.0,1100000.0,65000.0,5.0,230000,Ava, Rodriguez,1,0,0,0,0,1,0,0,0,0,0,1,0,0,1,0,0,0,0,1,0
281,337,Noah Hernandez,31,8,8,3.0,500.0,1000000.0,60000.0,5.0,230000,Noah, Hernandez,0,1,0,0,0,1,0,0,1,0,0,0,0,0,1,0,0,0,0,0,1
282,338,Isabella Nguyen,27,6,8,2.0,400.0,850000.0,45000.0,4.0,200000,Isabella, Nguyen,1,0,0,1,0,0,0,0,0,0,0,0,1,0,1,0,0,0,0,0,1
283,339,Liam Chen,34,7,7,3.0,450.0,950000.0,50000.0,4.0,220000,Liam, Chen,0,1,0,1,0,0,0,0,1,0,0,0,0,0,1,0,0,0,0,0,1
284,340,Emma Nguyen,29,6,8,3.0,450.0,950000.0,50000.0,4.0,220000,Emma, Nguyen,1,0,0,1,0,0,0,0,0,1,0,0,0,0,0,1,0,0,0,0,1
285,341,Daniel Kim,30,7,8,2.0,400.0,850000.0,45000.0,4.0,200000,Daniel, Kim,0,1,0,1,0,0,0,0,0,0,1,0,0,0,1,0,0,0,0,1,0
286,342,Sophia Hernandez,28,6,7,3.0,500.0,1100000.0,65000.0,5.0,230000,Sophia, Hernandez,1,0,0,0,0,1,0,0,0,0,0,0,1,0,1,0,0,0,0,1,0
287,343,Alexander Nguyen,33,8,8,3.0,550.0,1200000.0,70000.0,5.0,280000,Alexander, Nguyen,0,1,0,1,0,0,0,0,0,0,0,0,0,1,0,0,0,1,0,0,1
288,344,Olivia Kim,27,6,7,2.0,300.0,750000.0,35000.0,4.0,180000,Olivia, Kim,1,0,0,1,0,0,0,0,1,0,0,0,0,0,1,0,0,0,0,1,0
289,345,James Nguyen,35,8,8,3.0,500.0,1000000.0,60000.0,5.0,230000,James, Nguyen,0,1,0,1,0,0,0,0,1,0,0,0,0,0,1,0,0,0,0,0,1
290,346,Emma Lee,28,6,8,3.0,450.0,950000.0,50000.0,4.0,220000,Emma, Lee,1,0,0,1,0,0,0,0,0,1,0,0,0,0,0,1,0,0,0,1,0
291,347,Noah Kim,30,7,7,3.0,450.0,950000.0,50000.0,4.0,220000,Noah, Kim,0,1,0,1,0,0,0,0,1,0,0,0,0,0,1,0,0,0,0,0,1
292,348,Sophia Nguyen,29,6,8,2.0,400.0,850000.0,45000.0,4.0,200000,Sophia, Nguyen,1,0,0,1,0,0,0,0,0,0,1,0,0,0,1,0,0,0,0,1,0
293,349,Alexander Tran,31,7,7,3.0,500.0,1100000.0,65000.0,5.0,230000,Alexander, Tran,0,1,0,1,0,0,0,0,0,0,0,1,0,0,1,0,0,0,0,1,0
294,350,Olivia Nguyen,27,6,8,3.0,500.0,1000000.0,60000.0,5.0,230000,Olivia, Nguyen,1,0,0,1,0,0,0,0,1,0,0,0,0,0,1,0,0,0,0,0,1
295,351,James Kim,32,7,7,3.0,450.0,950000.0,50000.0,4.0,220000,James, Kim,0,1,0,1,0,0,0,0,0,1,0,0,0,0,0,1,0,0,0,1,0
296,352,Emma Nguyen,28,6,8,2.0,400.0,850000.0,45000.0,4.0,200000,Emma, Nguyen,1,0,0,1,0,0,0,0,0,0,1,0,0,0,1,0,0,0,0,1,0
297,353,Oliver Tran,30,7,7,3.0,500.0,1100000.0,65000.0,5.0,230000,Oliver, Tran,0,1,0,1,0,0,0,0,0,0,0,1,0,0,1,0,0,0,0,1,0
298,354,Sophia Nguyen,29,6,8,3.0,500.0,1000000.0,60000.0,5.0,230000,Sophia, Nguyen,1,0,0,1,0,0,0,0,1,0,0,0,0,0,1,0,0,0,0,0,1
299,355,Alexander Kim,33,8,7,3.0,450.0,950000.0,50000.0,4.0,220000,Alexander, Kim,0,1,0,1,0,0,0,0,0,1,0,0,0,0,0,1,0,0,0,1,0
300,356,Olivia Tran,27,6,8,2.0,400.0,850000.0,45000.0,4.0,200000,Olivia, Tran,1,0,0,1,0,0,0,0,0,0,1,0,0,0,1,0,0,0,0,1,0
301,357,James Nguyen,35,8,7,3.0,500.0,1100000.0,65000.0,5.0,230000,James, Nguyen,0,1,0,1,0,0,0,0,0,0,0,1,0,0,1,0,0,0,0,1,0
302,358,Emma Tran,28,6,8,3.0,500.0,1000000.0,60000.0,5.0,230000,Emma, Tran,1,0,0,1,0,0,0,0,1,0,0,0,0,0,1,0,0,0,0,0,1
303,359,Sophie Johnson,27,6,8,3.0,400.0,850000.0,45000.0,4.0,200000,Sophie, Johnson,1,0,1,0,0,0,0,0,0,0,0,1,0,0,1,0,0,0,0,1,0
304,360,Oliver Smith,31,7,7,2.0,350.0,800000.0,40000.0,4.0,180000,Oliver, Smith,0,1,1,0,0,0,0,0,0,0,0,0,1,0,1,0,0,0,0,0,1
305,361,Zara Ali,29,6,9,4.0,600.0,1200000.0,70000.0,5.0,250000,Zara, Ali,1,0,0,1,0,0,0,0,0,0,0,0,0,1,0,0,0,1,0,1,0
306,362,Ethan Patel,30,8,8,3.0,500.0,1000000.0,60000.0,5.0,220000,Ethan, Patel,0,1,0,1,0,0,0,0,0,0,1,0,0,0,1,0,0,0,0,1,0
307,363,Aisha Khan,27,5,8,3.0,500.0,1000000.0,60000.0,5.0,230000,Aisha, Khan,1,0,0,1,0,0,0,0,1,0,0,0,0,0,1,0,0,0,0,0,1
308,364,Rohan Singh,35,9,8,4.0,550.0,1100000.0,65000.0,5.0,280000,Rohan, Singh,0,1,0,1,0,0,0,0,0,1,0,0,0,0,0,1,0,0,0,0,1
309,365,Maya Gupta,30,8,9,2.0,400.0,900000.0,45000.0,4.0,200000,Maya, Gupta,1,0,0,1,0,0,0,0,1,0,0,0,0,0,1,0,0,0,0,1,0
310,366,Arjun Sharma,29,6,7,3.0,450.0,950000.0,50000.0,4.0,220000,Arjun, Sharma,0,1,0,1,0,0,0,0,1,0,0,0,0,0,1,0,0,0,0,0,1
311,367,Sofia Kumar,32,7,7,3.0,500.0,1100000.0,65000.0,5.0,250000,Sofia, Kumar,1,0,0,1,0,0,0,0,0,0,0,0,1,0,1,0,0,0,0,1,0
312,368,Vikram Patel,28,6,9,2.0,400.0,850000.0,45000.0,4.0,200000,Vikram, Patel,0,1,0,1,0,0,0,0,0,0,0,0,1,0,1,0,0,0,0,1,0
313,369,Isha Singh,31,7,8,4.0,600.0,1300000.0,75000.0,5.0,300000,Isha, Singh,1,0,0,1,0,0,0,0,0,0,1,0,0,0,0,0,0,0,1,1,0
314,370,Raj Kapoor,28,6,7,3.0,450.0,950000.0,50000.0,4.0,220000,Raj, Kapoor,0,1,0,1,0,0,0,0,1,0,0,0,0,0,1,0,0,0,0,0,1
315,371,Ananya Gupta,30,7,9,4.0,600.0,1200000.0,70000.0,5.0,250000,Ananya, Gupta,1,0,0,1,0,0,0,0,0,0,0,0,0,1,0,0,0,1,0,1,0
316,372,Kabir Sharma,29,6,8,2.0,400.0,900000.0,45000.0,4.0,200000,Kabir, Sharma,0,1,0,1,0,0,0,0,1,0,0,0,0,0,1,0,0,0,0,1,0
317,373,Priya Khan,32,7,7,3.0,500.0,1000000.0,60000.0,5.0,230000,Priya, Khan,1,0,0,1,0,0,0,0,0,0,0,0,1,0,1,0,0,0,0,0,1
318,374,Aditya Patel,30,8,8,3.0,500.0,1000000.0,60000.0,5.0,280000,Aditya, Patel,0,1,0,1,0,0,0,0,1,0,0,0,0,0,1,0,0,0,0,0,1
319,375,Neha Kumar,28,6,7,3.0,450.0,950000.0,50000.0,4.0,220000,Neha, Kumar,1,0,0,1,0,0,0,0,0,1,0,0,0,0,0,1,0,0,0,1,0
320,376,Aryan Singh,32,7,7,2.0,400.0,850000.0,45000.0,4.0,200000,Aryan, Singh,0,1,0,1,0,0,0,0,0,0,1,0,0,0,1,0,0,0,0,1,0
321,377,Priya Gupta,29,6,7,3.0,500.0,1100000.0,65000.0,5.0,230000,Priya, Gupta,1,0,0,1,0,0,0,0,0,0,0,1,0,0,1,0,0,0,0,1,0
322,378,Rishi Kumar,28,6,8,3.0,500.0,1000000.0,60000.0,5.0,230000,Rishi, Kumar,0,1,0,1,0,0,0,0,1,0,0,0,0,0,1,0,0,0,0,0,1
323,379,Neha Patel,27,5,8,2.0,400.0,850000.0,45000.0,4.0,200000,Neha, Patel,1,0,0,1,0,0,0,0,0,0,0,0,1,0,1,0,0,0,0,0,1
324,380,Kabir Singh,34,7,7,3.0,450.0,950000.0,50000.0,4.0,220000,Kabir, Singh,0,1,0,1,0,0,0,0,1,0,0,0,0,0,1,0,0,0,0,0,1
325,381,Anjali Gupta,30,8,8,3.0,550.0,1200000.0,70000.0,5.0,280000,Anjali, Gupta,1,0,0,1,0,0,0,0,0,0,0,0,0,1,0,0,0,1,0,0,1
326,382,Arjun Sharma,29,6,7,2.0,300.0,750000.0,35000.0,4.0,180000,Arjun, Sharma,0,1,0,1,0,0,0,0,1,0,0,0,0,0,1,0,0,0,0,1,0
327,383,Nisha Kumar,31,7,7,3.0,500.0,1100000.0,65000.0,5.0,230000,Nisha, Kumar,1,0,0,1,0,0,0,0,0,0,0,0,1,0,1,0,0,0,0,1,0
328,384,Rahul Singh,28,6,7,3.0,450.0,950000.0,50000.0,4.0,220000,Rahul, Singh,0,1,0,1,0,0,0,0,0,1,0,0,0,0,0,1,0,0,0,1,0
329,385,Riya Sharma,27,5,8,2.0,400.0,850000.0,45000.0,4.0,200000,Riya, Sharma,1,0,0,1,0,0,0,0,0,0,1,0,0,0,1,0,0,0,0,1,0
330,387,Emma Thompson,32,7,8,3.0,400.0,850000.0,45000.0,4.0,200000,Emma, Thompson,1,0,0,0,0,1,0,0,0,0,0,0,1,0,1,0,0,0,0,1,0
331,388,Oliver Wilson,28,6,9,4.0,500.0,900000.0,50000.0,5.0,220000,Oliver, Wilson,0,1,1,0,0,0,0,0,0,0,0,1,0,0,1,0,0,0,0,0,1
332,389,Sophia Garcia,29,8,8,5.0,600.0,1200000.0,70000.0,6.0,250000,Sophia, Garcia,1,0,0,0,0,1,0,0,0,0,0,0,0,1,0,0,0,1,0,1,0
333,390,Daniel Kim,31,9,7,3.0,450.0,950000.0,55000.0,4.0,210000,Daniel, Kim,0,1,0,1,0,0,0,0,0,0,1,0,0,0,1,0,0,0,0,0,1
334,391,Ava Johnson,27,5,8,2.0,350.0,800000.0,40000.0,3.0,180000,Ava, Johnson,1,0,0,0,0,1,0,0,1,0,0,0,0,0,1,0,0,0,0,1,0
335,392,Liam Lee,33,8,7,3.0,550.0,1100000.0,65000.0,5.0,270000,Liam, Lee,0,1,1,0,0,0,0,0,0,1,0,0,0,0,0,1,0,0,0,1,0
336,393,Olivia Martinez,30,7,9,4.0,600.0,1300000.0,75000.0,6.0,300000,Olivia, Martinez,1,0,0,0,0,1,0,0,1,0,0,0,0,0,1,0,0,0,0,1,0
337,394,Noah Rodriguez,29,6,7,2.0,400.0,850000.0,45000.0,4.0,200000,Noah, Rodriguez,0,1,1,0,0,0,0,0,1,0,0,0,0,0,1,0,0,0,0,0,1
338,395,Isabella Nguyen,31,8,8,3.0,500.0,1000000.0,60000.0,5.0,250000,Isabella, Nguyen,1,0,0,1,0,0,0,0,0,0,0,0,1,0,1,0,0,0,0,1,0
339,396,William Lopez,30,6,9,2.0,400.0,850000.0,45000.0,4.0,200000,William, Lopez,0,1,0,0,0,1,0,0,0,0,0,0,1,0,1,0,0,0,0,1,0
340,397,Sophia Nguyen,28,7,8,4.0,600.0,1300000.0,75000.0,6.0,300000,Sophia, Nguyen,1,0,0,1,0,0,0,0,0,0,1,0,0,0,0,0,0,0,1,1,0
341,398,Alexander Tran,32,8,7,2.0,400.0,850000.0,45000.0,4.0,200000,Alexander, Tran,0,1,0,1,0,0,0,0,1,0,0,0,0,0,1,0,0,0,0,0,1
342,399,Mia Kim,29,6,9,5.0,600.0,1200000.0,70000.0,6.0,250000,Mia, Kim,1,0,0,1,0,0,0,0,0,0,0,0,0,1,0,0,0,1,0,1,0
343,400,Ethan Hernandez,28,7,8,3.0,500.0,1000000.0,60000.0,5.0,220000,Ethan, Hernandez,0,1,1,0,0,0,0,0,1,0,0,0,0,0,1,0,0,0,0,0,1
344,401,Ava Tran,32,8,7,3.0,500.0,1000000.0,60000.0,5.0,250000,Ava, Tran,1,0,0,1,0,0,0,0,0,0,0,0,1,0,1,0,0,0,0,1,0
345,402,Liam Kim,30,7,8,3.0,500.0,1000000.0,60000.0,5.0,250000,Liam, Kim,0,1,0,1,0,0,0,0,1,0,0,0,0,0,1,0,0,0,0,0,1
346,403,Sophia Nguyen,28,6,8,3.0,450.0,950000.0,50000.0,4.0,220000,Sophia, Nguyen,1,0,0,1,0,0,0,0,0,1,0,0,0,0,0,1,0,0,0,1,0
347,404,Oliver Martinez,33,7,8,3.0,550.0,1200000.0,70000.0,5.0,280000,Oliver, Martinez,0,1,0,0,0,1,0,0,0,0,1,0,0,0,1,0,0,0,0,1,0
348,405,Emma Tran,27,6,7,3.0,500.0,1100000.0,65000.0,5.0,230000,Emma, Tran,1,0,0,1,0,0,0,0,0,0,0,1,0,0,1,0,0,0,0,1,0
349,406,James Nguyen,29,6,8,3.0,500.0,1000000.0,60000.0,5.0,230000,James, Nguyen,0,1,0,1,0,0,0,0,1,0,0,0,0,0,1,0,0,0,0,0,1
350,407,Ava Tran,31,7,8,2.0,400.0,850000.0,45000.0,4.0,200000,Ava, Tran,1,0,0,1,0,0,0,0,0,0,0,0,1,0,1,0,0,0,0,0,1
351,408,Oliver Kim,34,8,7,3.0,450.0,950000.0,50000.0,4.0,220000,Oliver, Kim,0,1,0,1,0,0,0,0,1,0,0,0,0,0,1,0,0,0,0,0,1
352,409,Sophia Nguyen,30,7,9,4.0,600.0,1200000.0,70000.0,6.0,280000,Sophia, Nguyen,1,0,0,1,0,0,0,0,0,0,0,0,0,1,0,0,0,1,0,0,1
353,410,Alexander Kim,27,6,7,2.0,400.0,900000.0,45000.0,4.0,200000,Alexander, Kim,0,1,0,1,0,0,0,0,1,0,0,0,0,0,1,0,0,0,0,1,0
354,411,Olivia Lee,31,7,8,3.0,500.0,1000000.0,60000.0,5.0,230000,Olivia, Lee,1,0,0,1,0,0,0,0,1,0,0,0,0,0,1,0,0,0,0,0,1
355,412,Noah Tran,33,8,7,3.0,450.0,950000.0,50000.0,4.0,220000,Noah, Tran,0,1,0,1,0,0,0,0,0,1,0,0,0,0,0,1,0,0,0,1,0
356,413,Isabella Kim,27,6,8,2.0,400.0,850000.0,45000.0,4.0,200000,Isabella, Kim,1,0,0,1,0,0,0,0,0,0,1,0,0,0,1,0,0,0,0,1,0
357,414,Sophia Lee,28,6,8,3.0,400.0,850000.0,45000.0,4.0,200000,Sophia, Lee,1,0,0,0,0,1,0,0,0,0,0,1,0,0,1,0,0,0,0,1,0
358,415,Ethan Johnson,32,8,7,2.0,350.0,800000.0,40000.0,4.0,180000,Ethan, Johnson,0,1,0,0,0,1,0,0,0,0,0,0,1,0,1,0,0,0,0,0,1
359,416,Aisha Khan,30,7,9,4.0,600.0,1200000.0,70000.0,5.0,250000,Aisha, Khan,1,0,0,1,0,0,0,0,0,0,0,0,0,1,0,0,0,1,0,1,0
360,417,Daniel Martinez,29,6,8,3.0,500.0,1000000.0,60000.0,5.0,220000,Daniel, Martinez,0,1,0,0,0,1,0,0,0,0,1,0,0,0,1,0,0,0,0,1,0
361,418,Sophie Kim,27,5,8,3.0,500.0,1000000.0,60000.0,5.0,230000,Sophie, Kim,1,0,0,1,0,0,0,0,1,0,0,0,0,0,1,0,0,0,0,0,1
362,419,Oliver Chen,35,9,8,4.0,550.0,1100000.0,65000.0,5.0,280000,Oliver, Chen,0,1,0,1,0,0,0,0,0,1,0,0,0,0,0,1,0,0,0,1,0
363,420,Ava Rodriguez,31,8,9,2.0,400.0,900000.0,45000.0,4.0,200000,Ava, Rodriguez,1,0,0,0,0,1,0,0,1,0,0,0,0,0,1,0,0,0,0,1,0
364,421,Noah Garcia,28,6,7,3.0,450.0,950000.0,50000.0,4.0,220000,Noah, Garcia,0,1,1,0,0,0,0,0,1,0,0,0,0,0,1,0,0,0,0,0,1
365,422,Emma Lopez,33,7,7,3.0,500.0,1100000.0,65000.0,5.0,250000,Emma, Lopez,1,0,1,0,0,0,0,0,0,0,0,0,1,0,1,0,0,0,0,1,0
366,423,William Nguyen,30,8,9,2.0,400.0,850000.0,45000.0,4.0,200000,William, Nguyen,0,1,0,1,0,0,0,0,0,0,0,0,1,0,1,0,0,0,0,1,0
367,424,Sophia Tran,32,7,8,4.0,600.0,1300000.0,75000.0,5.0,300000,Sophia, Tran,1,0,0,1,0,0,0,0,0,0,1,0,0,0,0,0,0,0,1,1,0
368,425,Ethan Tran,28,6,7,3.0,450.0,950000.0,50000.0,4.0,220000,Ethan, Tran,0,1,0,1,0,0,0,0,1,0,0,0,0,0,1,0,0,0,0,0,1
369,426,Ava Khan,30,7,9,4.0,600.0,1200000.0,70000.0,5.0,250000,Ava, Khan,1,0,0,1,0,0,0,0,0,0,0,0,0,1,0,0,0,1,0,1,0
370,427,Daniel Lee,29,6,8,2.0,400.0,900000.0,45000.0,4.0,200000,Daniel, Lee,0,1,0,1,0,0,0,0,1,0,0,0,0,0,1,0,0,0,0,1,0
371,428,Sophia Rodriguez,32,7,7,3.0,500.0,1000000.0,60000.0,5.0,230000,Sophia, Rodriguez,1,0,0,0,0,1,0,0,0,0,0,0,1,0,1,0,0,0,0,0,1
372,429,Oliver Kim,30,8,8,3.0,500.0,1000000.0,60000.0,5.0,280000,Oliver, Kim,0,1,0,1,0,0,0,0,1,0,0,0,0,0,1,0,0,0,0,0,1
373,430,Ava Garcia,28,6,7,3.0,450.0,950000.0,50000.0,4.0,220000,Ava, Garcia,1,0,0,0,0,1,0,0,0,1,0,0,0,0,0,1,0,0,0,1,0
374,431,Noah Hernandez,32,7,7,2.0,400.0,850000.0,45000.0,4.0,200000,Noah, Hernandez,0,1,0,0,0,1,0,0,0,0,1,0,0,0,1,0,0,0,0,1,0
375,432,Emma Tran,29,6,7,3.0,500.0,1100000.0,65000.0,5.0,230000,Emma, Tran,1,0,0,1,0,0,0,0,0,0,0,1,0,0,1,0,0,0,0,1,0
376,433,William Nguyen,27,6,8,3.0,500.0,1000000.0,60000.0,5.0,230000,William, Nguyen,0,1,0,1,0,0,0,0,1,0,0,0,0,0,1,0,0,0,0,0,1
377,434,Sophia Tran,32,7,8,2.0,400.0,850000.0,45000.0,4.0,200000,Sophia, Tran,1,0,0,1,0,0,0,0,0,0,0,0,1,0,1,0,0,0,0,0,1
378,435,Oliver Nguyen,34,7,7,3.0,450.0,950000.0,50000.0,4.0,220000,Oliver, Nguyen,0,1,0,1,0,0,0,0,1,0,0,0,0,0,1,0,0,0,0,0,1
379,436,Emma Kim,29,6,8,3.0,450.0,950000.0,50000.0,4.0,220000,Emma, Kim,1,0,0,1,0,0,0,0,0,1,0,0,0,0,0,1,0,0,0,0,1
380,437,William Tran,30,7,8,2.0,400.0,850000.0,45000.0,4.0,200000,William, Tran,0,1,0,1,0,0,0,0,0,0,1,0,0,0,1,0,0,0,0,1,0
381,438,Sophia Kim,31,7,7,3.0,500.0,1100000.0,65000.0,5.0,230000,Sophia, Kim,1,0,0,1,0,0,0,0,0,0,0,1,0,0,1,0,0,0,0,1,0
382,439,Oliver Nguyen,27,6,8,3.0,500.0,1000000.0,60000.0,5.0,230000,Oliver, Nguyen,0,1,0,1,0,0,0,0,1,0,0,0,0,0,1,0,0,0,0,0,1
383,440,Emma Kim,32,7,7,3.0,450.0,950000.0,50000.0,4.0,220000,Emma, Kim,1,0,0,1,0,0,0,0,0,1,0,0,0,0,0,1,0,0,0,1,0
384,441,William Tran,29,6,8,2.0,400.0,850000.0,45000.0,4.0,200000,William, Tran,0,1,0,1,0,0,0,0,0,0,1,0,0,0,1,0,0,0,0,1,0
385,442,Sophia Nguyen,31,7,8,3.0,500.0,1000000.0,60000.0,5.0,230000,Sophia, Nguyen,1,0,0,1,0,0,0,0,1,0,0,0,0,0,1,0,0,0,0,0,1
386,443,Oliver Kim,33,8,7,3.0,450.0,950000.0,50000.0,4.0,220000,Oliver, Kim,0,1,0,1,0,0,0,0,0,1,0,0,0,0,0,1,0,0,0,1,0
387,445,William Kim,30,7,7,3.0,500.0,1100000.0,65000.0,5.0,230000,William, Kim,0,1,0,1,0,0,0,0,0,0,0,1,0,0,1,0,0,0,0,1,0
388,447,Oliver Kim,32,7,7,3.0,450.0,950000.0,50000.0,4.0,220000,Oliver, Kim,0,1,0,1,0,0,0,0,0,1,0,0,0,0,0,1,0,0,0,1,0
389,448,Emma Nguyen,27,6,8,2.0,400.0,850000.0,45000.0,4.0,200000,Emma, Nguyen,1,0,0,1,0,0,0,0,0,0,1,0,0,0,1,0,0,0,0,1,0
390,449,William Kim,35,8,7,3.0,500.0,1100000.0,65000.0,5.0,230000,William, Kim,0,1,0,1,0,0,0,0,0,0,0,1,0,0,1,0,0,0,0,1,0
391,450,Sophia Tran,28,6,8,3.0,500.0,1000000.0,60000.0,5.0,230000,Sophia, Tran,1,0,0,1,0,0,0,0,1,0,0,0,0,0,1,0,0,0,0,0,1
392,451,Oliver Nguyen,33,8,7,3.0,450.0,950000.0,50000.0,4.0,220000,Oliver, Nguyen,0,1,0,1,0,0,0,0,0,1,0,0,0,0,0,1,0,0,0,1,0
393,452,Emma Kim,27,6,8,2.0,400.0,850000.0,45000.0,4.0,200000,Emma, Kim,1,0,0,1,0,0,0,0,0,0,1,0,0,0,1,0,0,0,0,1,0
394,453,William Tran,29,6,7,3.0,500.0,1100000.0,65000.0,5.0,230000,William, Tran,0,1,0,1,0,0,0,0,0,0,0,1,0,0,1,0,0,0,0,1,0
395,455,Oliver Kim,34,8,7,3.0,450.0,950000.0,50000.0,4.0,220000,Oliver, Kim,0,1,0,1,0,0,0,0,0,1,0,0,0,0,0,1,0,0,0,1,0
396,457,William Kim,30,7,7,3.0,500.0,1100000.0,65000.0,5.0,230000,William, Kim,0,1,0,1,0,0,0,0,0,0,0,1,0,0,1,0,0,0,0,1,0
397,458,Sophia Tran,29,6,8,3.0,500.0,1000000.0,60000.0,5.0,230000,Sophia, Tran,1,0,0,1,0,0,0,0,1,0,0,0,0,0,1,0,0,0,0,0,1
398,459,Luna Smith,29,6,8,3.0,400.0,850000.0,45000.0,4.0,200000,Luna, Smith,1,0,0,0,0,1,0,0,0,0,0,1,0,0,1,0,0,0,0,1,0
399,460,Maxwell Brown,33,8,7,2.0,350.0,800000.0,40000.0,4.0,180000,Maxwell, Brown,0,1,1,0,0,0,0,0,0,0,0,0,1,0,1,0,0,0,0,0,1
400,461,Sakura Tanaka,31,7,9,4.0,600.0,1200000.0,70000.0,5.0,250000,Sakura, Tanaka,1,0,0,1,0,0,0,0,0,0,0,0,0,1,0,0,0,1,0,1,0
401,462,Rohan Patel,28,6,8,3.0,500.0,1000000.0,60000.0,5.0,220000,Rohan, Patel,0,1,0,1,0,0,0,0,0,0,1,0,0,0,1,0,0,0,0,1,0
402,463,Maya Lopez,26,5,8,3.0,500.0,1000000.0,60000.0,5.0,230000,Maya, Lopez,1,0,0,0,0,1,0,0,1,0,0,0,0,0,1,0,0,0,0,0,1
403,464,Hiroshi Suzuki,34,9,8,4.0,550.0,1100000.0,65000.0,5.0,280000,Hiroshi, Suzuki,0,1,0,1,0,0,0,0,0,1,0,0,0,0,0,1,0,0,0,1,0
404,465,Aisha Khan,29,8,9,2.0,400.0,900000.0,45000.0,4.0,200000,Aisha, Khan,1,0,0,1,0,0,0,0,1,0,0,0,0,0,1,0,0,0,0,1,0
405,466,Evan Garcia,27,5,7,3.0,450.0,950000.0,50000.0,4.0,220000,Evan, Garcia,0,1,1,0,0,0,0,0,1,0,0,0,0,0,1,0,0,0,0,0,1
406,467,Mia Martinez,32,7,7,3.0,500.0,1100000.0,65000.0,5.0,250000,Mia, Martinez,1,0,0,0,0,1,0,0,0,0,0,0,1,0,1,0,0,0,0,1,0
407,468,Surya Patel,29,6,9,2.0,400.0,850000.0,45000.0,4.0,200000,Surya, Patel,0,1,0,1,0,0,0,0,0,0,0,0,1,0,1,0,0,0,0,1,0
408,469,Sakura Tran,30,7,8,4.0,600.0,1300000.0,75000.0,5.0,300000,Sakura, Tran,1,0,0,1,0,0,0,0,0,0,1,0,0,0,0,0,0,0,1,1,0
409,470,Ethan Nguyen,29,6,7,3.0,450.0,950000.0,50000.0,4.0,220000,Ethan, Nguyen,0,1,0,1,0,0,0,0,1,0,0,0,0,0,1,0,0,0,0,0,1
410,471,Arya Sharma,32,8,9,4.0,600.0,1200000.0,70000.0,5.0,250000,Arya, Sharma,1,0,0,1,0,0,0,0,0,0,0,0,0,1,0,0,0,1,0,1,0
411,472,Rahul Lee,27,6,8,2.0,400.0,900000.0,45000.0,4.0,200000,Rahul, Lee,0,1,0,1,0,0,0,0,1,0,0,0,0,0,1,0,0,0,0,1,0
412,473,Sofia Rodriguez,31,7,7,3.0,500.0,1000000.0,60000.0,5.0,230000,Sofia, Rodriguez,1,0,0,0,0,1,0,0,0,0,0,0,1,0,1,0,0,0,0,0,1
413,474,Liam Kim,29,8,8,3.0,500.0,1000000.0,60000.0,5.0,280000,Liam, Kim,0,1,0,1,0,0,0,0,1,0,0,0,0,0,1,0,0,0,0,0,1
414,475,Ava Hernandez,28,6,7,3.0,450.0,950000.0,50000.0,4.0,220000,Ava, Hernandez,1,0,0,0,0,1,0,0,0,1,0,0,0,0,0,1,0,0,0,1,0
415,476,Noah Tran,31,7,7,2.0,400.0,850000.0,45000.0,4.0,200000,Noah, Tran,0,1,0,1,0,0,0,0,0,0,1,0,0,0,1,0,0,0,0,1,0
416,478,Emily Smith,28,6,8,3.0,400.0,850000.0,45000.0,4.0,200000,Emily, Smith,1,0,0,0,0,1,0,0,0,0,0,1,0,0,1,0,0,0,0,1,0
417,479,Jacob Johnson,32,8,7,2.0,350.0,800000.0,40000.0,4.0,180000,Jacob, Johnson,0,1,0,0,0,1,0,0,0,0,0,0,1,0,1,0,0,0,0,0,1
418,480,Aarav Patel,30,7,9,4.0,600.0,1200000.0,70000.0,5.0,250000,Aarav, Patel,0,1,0,1,0,0,0,0,0,0,0,0,0,1,0,0,0,1,0,1,0
419,481,Sophie Brown,29,6,8,3.0,500.0,1000000.0,60000.0,5.0,220000,Sophie, Brown,1,0,1,0,0,0,0,0,0,0,1,0,0,0,1,0,0,0,0,1,0
420,482,Liam Kim,27,5,8,3.0,500.0,1000000.0,60000.0,5.0,230000,Liam, Kim,0,1,0,1,0,0,0,0,1,0,0,0,0,0,1,0,0,0,0,0,1
421,483,Emma Chen,35,9,8,4.0,550.0,1100000.0,65000.0,5.0,280000,Emma, Chen,1,0,0,1,0,0,0,0,0,1,0,0,0,0,0,1,0,0,0,1,0
422,487,Daniel Nguyen,29,6,9,2.0,400.0,850000.0,45000.0,4.0,200000,Daniel, Nguyen,0,1,0,1,0,0,0,0,0,0,0,0,1,0,1,0,0,0,0,1,0
423,519,Oliver Nguyen,32,7,7,3.0,450.0,950000.0,50000.0,4.0,220000,Oliver, Nguyen,0,1,0,1,0,0,0,0,0,1,0,0,0,0,0,1,0,0,0,1,0
424,520,Emma Kim,28,6,8,2.0,400.0,850000.0,45000.0,4.0,200000,Emma, Kim,1,0,0,1,0,0,0,0,0,0,1,0,0,0,1,0,0,0,0,1,0
425,523,Olivia Khan,28,6,9,4.0,600.0,1200000.0,70000.0,5.0,250000,Olivia, Khan,1,0,0,1,0,0,0,0,0,0,0,0,0,1,0,0,0,1,0,1,0
426,524,Ethan Lopez,33,8,7,2.0,350.0,800000.0,40000.0,4.0,180000,Ethan, Lopez,0,1,1,0,0,0,0,0,0,0,0,0,1,0,1,0,0,0,0,0,1
427,525,Zara Ali,29,7,8,3.0,400.0,850000.0,45000.0,4.0,200000,Zara, Ali,1,0,0,1,0,0,0,0,0,0,0,1,0,0,1,0,0,0,0,1,0
428,526,James Kim,31,7,8,3.0,500.0,1000000.0,60000.0,5.0,220000,James, Kim,0,1,0,1,0,0,0,0,0,0,1,0,0,0,1,0,0,0,0,1,0
429,527,Sophia Patel,27,5,8,3.0,500.0,1000000.0,60000.0,5.0,230000,Sophia, Patel,1,0,0,1,0,0,0,0,1,0,0,0,0,0,1,0,0,0,0,0,1
430,528,Noah Chen,35,9,8,4.0,550.0,1100000.0,65000.0,5.0,280000,Noah, Chen,0,1,0,1,0,0,0,0,0,1,0,0,0,0,0,1,0,0,0,1,0
431,529,Ella Rodriguez,32,8,9,2.0,400.0,900000.0,45000.0,4.0,200000,Ella, Rodriguez,1,0,0,0,0,1,0,0,1,0,0,0,0,0,1,0,0,0,0,1,0
432,530,Aiden Garcia,28,6,7,3.0,450.0,950000.0,50000.0,4.0,220000,Aiden, Garcia,0,1,0,0,0,1,0,0,1,0,0,0,0,0,1,0,0,0,0,0,1
433,531,Isabella Lee,34,7,7,3.0,500.0,1100000.0,65000.0,5.0,250000,Isabella, Lee,1,0,0,1,0,0,0,0,0,0,0,0,1,0,1,0,0,0,0,1,0
434,532,Liam Nguyen,30,8,9,2.0,400.0,850000.0,45000.0,4.0,200000,Liam, Nguyen,0,1,0,1,0,0,0,0,0,0,0,0,1,0,1,0,0,0,0,1,0
435,533,Sophia Tran,31,7,8,4.0,600.0,1300000.0,75000.0,5.0,300000,Sophia, Tran,1,0,0,1,0,0,0,0,0,0,1,0,0,0,0,0,0,0,1,1,0
436,534,Ethan Tran,29,6,7,3.0,450.0,950000.0,50000.0,4.0,220000,Ethan, Tran,0,1,0,1,0,0,0,0,1,0,0,0,0,0,1,0,0,0,0,0,1
437,536,Daniel Lee,28,6,8,2.0,400.0,900000.0,45000.0,4.0,200000,Daniel, Lee,0,1,0,1,0,0,0,0,1,0,0,0,0,0,1,0,0,0,0,1,0
438,537,Sophia Rodriguez,33,7,7,3.0,500.0,1000000.0,60000.0,5.0,230000,Sophia, Rodriguez,1,0,0,0,0,1,0,0,0,0,0,0,1,0,1,0,0,0,0,0,1
439,538,Oliver Kim,31,8,8,3.0,500.0,1000000.0,60000.0,5.0,280000,Oliver, Kim,0,1,0,1,0,0,0,0,1,0,0,0,0,0,1,0,0,0,0,0,1
440,539,Ava Garcia,29,6,7,3.0,450.0,950000.0,50000.0,4.0,220000,Ava, Garcia,1,0,0,0,0,1,0,0,0,1,0,0,0,0,0,1,0,0,0,1,0
441,540,Noah Hernandez,33,7,7,2.0,400.0,850000.0,45000.0,4.0,200000,Noah, Hernandez,0,1,0,0,0,1,0,0,0,0,1,0,0,0,1,0,0,0,0,1,0
442,541,Emma Tran,30,6,7,3.0,500.0,1100000.0,65000.0,5.0,230000,Emma, Tran,1,0,0,1,0,0,0,0,0,0,0,1,0,0,1,0,0,0,0,1,0
443,542,Liam Nguyen,28,6,8,3.0,500.0,1000000.0,60000.0,5.0,230000,Liam, Nguyen,0,1,0,1,0,0,0,0,1,0,0,0,0,0,1,0,0,0,0,0,1
444,545,Ava Kim,31,7,8,3.0,450.0,950000.0,50000.0,4.0,220000,Ava, Kim,1,0,0,1,0,0,0,0,0,1,0,0,0,0,0,1,0,0,0,0,1
445,546,Noah Tran,30,7,8,2.0,400.0,850000.0,45000.0,4.0,200000,Noah, Tran,0,1,0,1,0,0,0,0,0,0,1,0,0,0,1,0,0,0,0,1,0
446,547,Emma Kim,29,6,7,3.0,500.0,1100000.0,65000.0,5.0,230000,Emma, Kim,1,0,0,1,0,0,0,0,0,0,0,1,0,0,1,0,0,0,0,1,0
447,548,Liam Nguyen,27,6,8,3.0,500.0,1000000.0,60000.0,5.0,230000,Liam, Nguyen,0,1,0,1,0,0,0,0,1,0,0,0,0,0,1,0,0,0,0,0,1
448,549,Sophia Tran,33,7,8,2.0,400.0,850000.0,45000.0,4.0,200000,Sophia, Tran,1,0,0,1,0,0,0,0,0,0,0,0,1,0,1,0,0,0,0,0,1
449,550,Oliver Kim,35,8,7,3.0,450.0,950000.0,50000.0,4.0,220000,Oliver, Kim,0,1,0,1,0,0,0,0,0,1,0,0,0,0,0,1,0,0,0,1,0
450,552,Liam Kim,30,7,7,3.0,500.0,1100000.0,65000.0,5.0,230000,Liam, Kim,0,1,0,1,0,0,0,0,0,0,0,1,0,0,1,0,0,0,0,1,0
451,556,Liam Kim,35,8,7,3.0,500.0,1100000.0,65000.0,5.0,230000,Liam, Kim,0,1,0,1,0,0,0,0,0,0,0,1,0,0,1,0,0,0,0,1,0
452,560,Liam Kim,30,7,7,3.0,500.0,1100000.0,65000.0,5.0,230000,Liam, Kim,0,1,0,1,0,0,0,0,0,0,0,1,0,0,1,0,0,0,0,1,0
453,567,Ella Smith,26,5,8,3.0,400.0,850000.0,45000.0,4.0,200000,Ella, Smith,1,0,0,0,0,1,0,0,0,0,0,1,0,0,1,0,0,0,0,1,0
454,568,Noah Johnson,33,9,7,2.0,350.0,800000.0,40000.0,4.0,180000,Noah, Johnson,0,1,0,0,0,1,0,0,0,0,0,0,1,0,1,0,0,0,0,0,1
455,569,Sophia Patel,29,8,9,4.0,600.0,1200000.0,70000.0,5.0,250000,Sophia, Patel,1,0,0,1,0,0,0,0,0,0,0,0,0,1,0,0,0,1,0,1,0
456,570,Oliver Brown,32,8,8,3.0,500.0,1000000.0,60000.0,5.0,220000,Oliver, Brown,0,1,1,0,0,0,0,0,0,0,1,0,0,0,1,0,0,0,0,1,0
457,571,Ava Kim,28,6,8,3.0,500.0,1000000.0,60000.0,5.0,230000,Ava, Kim,1,0,0,1,0,0,0,0,1,0,0,0,0,0,1,0,0,0,0,0,1
458,572,Noah Chen,34,10,8,4.0,550.0,1100000.0,65000.0,5.0,280000,Noah, Chen,0,1,0,1,0,0,0,0,0,1,0,0,0,0,0,1,0,0,0,1,0
459,573,Emma Rodriguez,32,9,9,2.0,400.0,900000.0,45000.0,4.0,200000,Emma, Rodriguez,1,0,0,0,0,1,0,0,1,0,0,0,0,0,1,0,0,0,0,1,0
460,574,Ethan Garcia,29,7,7,3.0,450.0,950000.0,50000.0,4.0,220000,Ethan, Garcia,0,1,0,0,0,1,0,0,1,0,0,0,0,0,1,0,0,0,0,0,1
461,575,Isabella Lee,35,8,7,3.0,500.0,1100000.0,65000.0,5.0,250000,Isabella, Lee,1,0,0,1,0,0,0,0,0,0,0,0,1,0,1,0,0,0,0,1,0
462,576,Liam Nguyen,31,7,9,2.0,400.0,850000.0,45000.0,4.0,200000,Liam, Nguyen,0,1,0,1,0,0,0,0,0,0,0,0,1,0,1,0,0,0,0,1,0
463,577,Sophia Tran,32,8,8,4.0,600.0,1300000.0,75000.0,5.0,300000,Sophia, Tran,1,0,0,1,0,0,0,0,0,0,1,0,0,0,0,0,0,0,1,1,0
464,578,Oliver Tran,30,7,7,3.0,450.0,950000.0,50000.0,4.0,220000,Oliver, Tran,0,1,0,1,0,0,0,0,1,0,0,0,0,0,1,0,0,0,0,0,1
465,579,Ava Khan,31,8,9,4.0,600.0,1200000.0,70000.0,5.0,250000,Ava, Khan,1,0,0,1,0,0,0,0,0,0,0,0,0,1,0,0,0,1,0,1,0
466,580,Daniel Lee,28,7,8,2.0,400.0,900000.0,45000.0,4.0,200000,Daniel, Lee,0,1,0,1,0,0,0,0,1,0,0,0,0,0,1,0,0,0,0,1,0
467,581,Sophia Rodriguez,33,8,7,3.0,500.0,1000000.0,60000.0,5.0,230000,Sophia, Rodriguez,1,0,0,0,0,1,0,0,0,0,0,0,1,0,1,0,0,0,0,0,1
468,583,Emma Garcia,29,6,7,3.0,450.0,950000.0,50000.0,4.0,220000,Emma, Garcia,1,0,0,0,0,1,0,0,0,1,0,0,0,0,0,1,0,0,0,1,0
469,584,Noah Hernandez,33,8,7,2.0,400.0,850000.0,45000.0,4.0,200000,Noah, Hernandez,0,1,0,0,0,1,0,0,0,0,1,0,0,0,1,0,0,0,0,1,0
470,585,Sophia Tran,30,7,7,3.0,500.0,1100000.0,65000.0,5.0,230000,Sophia, Tran,1,0,0,1,0,0,0,0,0,0,0,1,0,0,1,0,0,0,0,1,0
471,586,Oliver Nguyen,28,7,8,3.0,500.0,1000000.0,60000.0,5.0,230000,Oliver, Nguyen,0,1,0,1,0,0,0,0,1,0,0,0,0,0,1,0,0,0,0,0,1
472,587,Emma Tran,34,8,8,2.0,400.0,850000.0,45000.0,4.0,200000,Emma, Tran,1,0,0,1,0,0,0,0,0,0,0,0,1,0,1,0,0,0,0,0,1
473,588,Liam Nguyen,32,8,7,3.0,450.0,950000.0,50000.0,4.0,220000,Liam, Nguyen,0,1,0,1,0,0,0,0,1,0,0,0,0,0,1,0,0,0,0,0,1
474,589,Sophia Kim,29,6,8,3.0,450.0,950000.0,50000.0,4.0,220000,Sophia, Kim,1,0,0,1,0,0,0,0,0,1,0,0,0,0,0,1,0,0,0,0,1
475,590,Oliver Tran,31,7,8,2.0,400.0,850000.0,45000.0,4.0,200000,Oliver, Tran,0,1,0,1,0,0,0,0,0,0,1,0,0,0,1,0,0,0,0,1,0
476,591,Emma Lee,30,7,7,3.0,500.0,1100000.0,65000.0,5.0,230000,Emma, Lee,1,0,0,1,0,0,0,0,0,0,0,1,0,0,1,0,0,0,0,1,0
477,593,Sophia Tran,34,7,8,2.0,400.0,850000.0,45000.0,4.0,200000,Sophia, Tran,1,0,0,1,0,0,0,0,0,0,0,0,1,0,1,0,0,0,0,0,1
478,594,Oliver Nguyen,36,8,7,3.0,450.0,950000.0,50000.0,4.0,220000,Oliver, Nguyen,0,1,0,1,0,0,0,0,0,1,0,0,0,0,0,1,0,0,0,1,0
479,595,Emma Nguyen,29,7,8,2.0,400.0,850000.0,45000.0,4.0,200000,Emma, Nguyen,1,0,0,1,0,0,0,0,0,0,1,0,0,0,1,0,0,0,0,1,0
480,596,Liam Kim,31,8,7,3.0,500.0,1100000.0,65000.0,5.0,230000,Liam, Kim,0,1,0,1,0,0,0,0,0,0,0,1,0,0,1,0,0,0,0,1,0
481,597,Sophia Tran,30,7,8,3.0,500.0,1000000.0,60000.0,5.0,230000,Sophia, Tran,1,0,0,1,0,0,0,0,1,0,0,0,0,0,1,0,0,0,0,0,1
482,599,Emma Kim,28,7,8,2.0,400.0,850000.0,45000.0,4.0,200000,Emma, Kim,1,0,0,1,0,0,0,0,0,0,1,0,0,0,1,0,0,0,0,1,0
483,600,Liam Kim,30,8,7,3.0,500.0,1100000.0,65000.0,5.0,230000,Liam, Kim,0,1,0,1,0,0,0,0,0,0,0,1,0,0,1,0,0,0,0,1,0
484,601,Sophia Tran,29,7,8,3.0,500.0,1000000.0,60000.0,5.0,230000,Sophia, Tran,1,0,0,1,0,0,0,0,1,0,0,0,0,0,1,0,0,0,0,0,1
485,602,Oliver Nguyen,32,8,7,3.0,450.0,950000.0,50000.0,4.0,220000,Oliver, Nguyen,0,1,0,1,0,0,0,0,0,1,0,0,0,0,0,1,0,0,0,1,0
486,603,Ella Johnson,27,8,8,3.0,400.0,850000.0,45000.0,4.0,200000,Ella, Johnson,1,0,0,0,0,1,0,0,0,0,0,1,0,0,1,0,0,0,0,1,0
487,604,Noah Kim,34,10,7,2.0,350.0,800000.0,40000.0,4.0,180000,Noah, Kim,0,1,0,1,0,0,0,0,0,0,0,0,1,0,1,0,0,0,0,0,1
488,605,Sophia Patel,30,9,9,4.0,600.0,1200000.0,70000.0,5.0,250000,Sophia, Patel,1,0,0,1,0,0,0,0,0,0,0,0,0,1,0,0,0,1,0,1,0
489,606,Oliver Brown,33,9,8,3.0,500.0,1000000.0,60000.0,5.0,220000,Oliver, Brown,0,1,1,0,0,0,0,0,0,0,1,0,0,0,1,0,0,0,0,1,0
490,607,Ava Lee,29,7,8,3.0,500.0,1000000.0,60000.0,5.0,230000,Ava, Lee,1,0,0,1,0,0,0,0,1,0,0,0,0,0,1,0,0,0,0,0,1
491,608,Noah Chen,35,11,8,4.0,550.0,1100000.0,65000.0,5.0,280000,Noah, Chen,0,1,0,1,0,0,0,0,0,1,0,0,0,0,0,1,0,0,0,1,0
492,609,Emma Rodriguez,33,10,9,2.0,400.0,900000.0,45000.0,4.0,200000,Emma, Rodriguez,1,0,0,0,0,1,0,0,1,0,0,0,0,0,1,0,0,0,0,1,0
493,610,Ethan Garcia,30,8,7,3.0,450.0,950000.0,50000.0,4.0,220000,Ethan, Garcia,0,1,0,0,0,1,0,0,1,0,0,0,0,0,1,0,0,0,0,0,1
494,611,Isabella Lee,36,9,7,3.0,500.0,1100000.0,65000.0,5.0,250000,Isabella, Lee,1,0,0,1,0,0,0,0,0,0,0,0,1,0,1,0,0,0,0,1,0
495,612,Liam Nguyen,32,8,9,2.0,400.0,850000.0,45000.0,4.0,200000,Liam, Nguyen,0,1,0,1,0,0,0,0,0,0,0,0,1,0,1,0,0,0,0,1,0
496,613,Sophia Tran,33,9,8,4.0,600.0,1300000.0,75000.0,5.0,300000,Sophia, Tran,1,0,0,1,0,0,0,0,0,0,1,0,0,0,0,0,0,0,1,1,0
497,614,Oliver Tran,31,8,7,3.0,450.0,950000.0,50000.0,4.0,220000,Oliver, Tran,0,1,0,1,0,0,0,0,1,0,0,0,0,0,1,0,0,0,0,0,1
498,615,Ava Khan,32,9,9,4.0,600.0,1200000.0,70000.0,5.0,250000,Ava, Khan,1,0,0,1,0,0,0,0,0,0,0,0,0,1,0,0,0,1,0,1,0
499,616,Daniel Lee,29,8,8,2.0,400.0,900000.0,45000.0,4.0,200000,Daniel, Lee,0,1,0,1,0,0,0,0,1,0,0,0,0,0,1,0,0,0,0,1,0
500,617,Sophia Rodriguez,34,9,7,3.0,500.0,1000000.0,60000.0,5.0,230000,Sophia, Rodriguez,1,0,0,0,0,1,0,0,0,0,0,0,1,0,1,0,0,0,0,0,1
501,618,Oliver Kim,32,9,8,3.0,500.0,1000000.0,60000.0,5.0,280000,Oliver, Kim,0,1,0,1,0,0,0,0,1,0,0,0,0,0,1,0,0,0,0,0,1
502,619,Emma Garcia,30,7,7,3.0,450.0,950000.0,50000.0,4.0,220000,Emma, Garcia,1,0,0,0,0,1,0,0,0,1,0,0,0,0,0,1,0,0,0,1,0
503,620,Noah Hernandez,34,9,7,2.0,400.0,850000.0,45000.0,4.0,200000,Noah, Hernandez,0,1,0,0,0,1,0,0,0,0,1,0,0,0,1,0,0,0,0,1,0
504,621,Sophia Tran,31,8,7,3.0,500.0,1100000.0,65000.0,5.0,230000,Sophia, Tran,1,0,0,1,0,0,0,0,0,0,0,1,0,0,1,0,0,0,0,1,0
505,622,Oliver Nguyen,29,8,8,3.0,500.0,1000000.0,60000.0,5.0,230000,Oliver, Nguyen,0,1,0,1,0,0,0,0,1,0,0,0,0,0,1,0,0,0,0,0,1
506,623,Emma Tran,35,9,8,2.0,400.0,850000.0,45000.0,4.0,200000,Emma, Tran,1,0,0,1,0,0,0,0,0,0,0,0,1,0,1,0,0,0,0,0,1
507,624,Liam Nguyen,33,9,7,3.0,450.0,950000.0,50000.0,4.0,220000,Liam, Nguyen,0,1,0,1,0,0,0,0,1,0,0,0,0,0,1,0,0,0,0,0,1
508,625,Sophia Kim,30,7,8,3.0,450.0,950000.0,50000.0,4.0,220000,Sophia, Kim,1,0,0,1,0,0,0,0,0,1,0,0,0,0,0,1,0,0,0,0,1
509,626,Oliver Tran,32,8,8,2.0,400.0,850000.0,45000.0,4.0,200000,Oliver, Tran,0,1,0,1,0,0,0,0,0,0,1,0,0,0,1,0,0,0,0,1,0
510,627,Emma Lee,31,8,7,3.0,500.0,1100000.0,65000.0,5.0,230000,Emma, Lee,1,0,0,1,0,0,0,0,0,0,0,1,0,0,1,0,0,0,0,1,0
511,628,Liam Nguyen,29,7,8,3.0,500.0,1000000.0,60000.0,5.0,230000,Liam, Nguyen,0,1,0,1,0,0,0,0,1,0,0,0,0,0,1,0,0,0,0,0,1
512,629,Sophia Tran,35,8,8,2.0,400.0,850000.0,45000.0,4.0,200000,Sophia, Tran,1,0,0,1,0,0,0,0,0,0,0,0,1,0,1,0,0,0,0,0,1
513,630,Oliver Nguyen,37,9,7,3.0,450.0,950000.0,50000.0,4.0,220000,Oliver, Nguyen,0,1,0,1,0,0,0,0,0,1,0,0,0,0,0,1,0,0,0,1,0
514,631,Emma Nguyen,30,8,8,2.0,400.0,850000.0,45000.0,4.0,200000,Emma, Nguyen,1,0,0,1,0,0,0,0,0,0,1,0,0,0,1,0,0,0,0,1,0
515,632,Liam Kim,32,9,7,3.0,500.0,1100000.0,65000.0,5.0,230000,Liam, Kim,0,1,0,1,0,0,0,0,0,0,0,1,0,0,1,0,0,0,0,1,0
516,633,Sophia Tran,31,8,8,3.0,500.0,1000000.0,60000.0,5.0,230000,Sophia, Tran,1,0,0,1,0,0,0,0,1,0,0,0,0,0,1,0,0,0,0,0,1
517,634,Oliver Nguyen,33,9,7,3.0,450.0,950000.0,50000.0,4.0,220000,Oliver, Nguyen,0,1,0,1,0,0,0,0,0,1,0,0,0,0,0,1,0,0,0,1,0
518,635,Emma Kim,29,8,8,2.0,400.0,850000.0,45000.0,4.0,200000,Emma, Kim,1,0,0,1,0,0,0,0,0,0,1,0,0,0,1,0,0,0,0,1,0
519,636,Liam Kim,31,9,7,3.0,500.0,1100000.0,65000.0,5.0,230000,Liam, Kim,0,1,0,1,0,0,0,0,0,0,0,1,0,0,1,0,0,0,0,1,0
520,637,Sophia Tran,30,8,8,3.0,500.0,1000000.0,60000.0,5.0,230000,Sophia, Tran,1,0,0,1,0,0,0,0,1,0,0,0,0,0,1,0,0,0,0,0,1
521,638,Oliver Nguyen,32,9,7,3.0,450.0,950000.0,50000.0,4.0,220000,Oliver, Nguyen,0,1,0,1,0,0,0,0,0,1,0,0,0,0,0,1,0,0,0,1,0
522,639,Amelia White,28,6,8,2.0,300.0,700000.0,35000.0,4.0,180000,Amelia, White,1,0,0,0,0,1,0,0,0,0,0,1,0,0,1,0,0,0,0,1,0
523,640,Ethan Thompson,35,10,7,3.0,400.0,900000.0,45000.0,4.0,200000,Ethan, Thompson,0,1,0,0,0,0,0,1,0,0,0,0,0,0,1,0,0,0,0,0,1
524,641,Priya Shah,31,8,9,5.0,500.0,1200000.0,60000.0,5.0,250000,Priya, Shah,1,0,0,1,0,0,0,0,0,0,0,0,0,1,0,0,0,1,0,1,0
525,642,David O'Malley,30,7,8,2.0,350.0,800000.0,40000.0,4.0,180000,David, O'Malley,0,1,1,0,0,0,0,0,0,0,1,0,0,0,1,0,0,0,0,0,1
526,643,Jasmine Chen,29,8,8,3.0,450.0,950000.0,50000.0,4.0,220000,Jasmine, Chen,1,0,0,1,0,0,0,0,1,0,0,0,0,0,1,0,0,0,0,0,1
527,644,Takumi Yamamoto,33,9,8,4.0,500.0,1100000.0,55000.0,5.0,250000,Takumi, Yamamoto,0,1,0,1,0,0,0,0,0,1,0,0,0,0,0,1,0,0,0,1,0
528,645,Sofia Rodriguez,31,8,9,2.0,400.0,850000.0,42000.0,4.0,220000,Sofia, Rodriguez,1,0,0,0,0,1,0,0,1,0,0,0,0,0,1,0,0,0,0,1,0
529,646,Juan Carlos Lopez,34,9,7,3.0,380.0,820000.0,41000.0,4.0,190000,Juan Carlos, Lopez,0,1,0,0,0,1,0,0,1,0,0,0,0,0,1,0,0,0,0,0,1
530,647,Emma Khan,27,7,7,2.0,320.0,700000.0,35000.0,4.0,170000,Emma, Khan,1,0,0,1,0,0,0,0,0,0,0,0,1,0,1,0,0,0,0,0,1
531,648,Lucas Nguyen,32,8,9,2.0,300.0,800000.0,40000.0,4.0,200000,Lucas, Nguyen,0,1,0,1,0,0,0,0,0,0,0,0,1,0,0,0,0,0,1,1,0
532,649,Zara Tran,29,8,8,3.0,400.0,900000.0,45000.0,4.0,210000,Zara, Tran,1,0,0,1,0,0,0,0,0,0,1,0,0,0,1,0,0,0,0,1,0
533,650,Joshua Kim,30,9,8,2.0,350.0,820000.0,41000.0,4.0,190000,Joshua, Kim,0,1,0,1,0,0,0,0,1,0,0,0,0,0,1,0,0,0,0,0,1
534,651,Neha Patel,32,8,9,4.0,500.0,1100000.0,55000.0,5.0,240000,Neha, Patel,1,0,0,1,0,0,0,0,0,0,0,0,0,1,0,0,0,1,0,1,0
535,652,Ryan Wilson,31,8,8,3.0,450.0,950000.0,47000.0,4.0,230000,Ryan, Wilson,0,1,0,0,0,1,0,0,1,0,0,0,0,0,1,0,0,0,0,0,1
536,653,Leila Mansour,29,7,8,2.0,320.0,750000.0,38000.0,4.0,180000,Leila, Mansour,1,0,0,0,0,0,0,0,0,0,0,1,0,0,1,0,0,0,0,1,0
537,654,Adam Chang,34,9,7,3.0,400.0,900000.0,45000.0,4.0,210000,Adam, Chang,0,1,0,1,0,0,0,0,0,0,0,0,0,0,1,0,0,0,0,0,1
538,655,Nadia Khan,30,8,8,3.0,450.0,950000.0,47000.0,4.0,220000,Nadia, Khan,1,0,0,0,1,0,0,0,0,0,0,0,0,1,1,0,0,0,0,0,1
539,656,Maxwell Thompson,32,10,9,3.0,500.0,1100000.0,55000.0,5.0,260000,Maxwell, Thompson,0,1,1,0,0,0,0,0,0,0,1,0,0,0,1,0,0,0,0,1,0
540,657,Luna Rodriguez,28,7,9,2.0,380.0,820000.0,41000.0,4.0,200000,Luna, Rodriguez,1,0,0,0,0,1,0,0,1,0,0,0,0,0,1,0,0,0,0,1,0
541,658,Diego Gomez,33,8,8,3.0,400.0,850000.0,42000.0,4.0,210000,Diego, Gomez,0,1,0,0,0,0,1,0,1,0,0,0,0,0,1,0,0,0,0,0,1
542,659,Sara Al-Farsi,31,9,7,2.0,320.0,700000.0,35000.0,4.0,180000,Sara, Al-Farsi,1,0,0,0,0,0,0,0,0,0,0,0,1,0,1,0,0,0,0,0,1
543,660,Luca Rossi,30,8,9,3.0,450.0,950000.0,47000.0,4.0,230000,Luca, Rossi,0,1,1,0,0,0,0,0,0,1,0,0,0,0,0,1,0,0,0,1,0
544,661,Aisha Khan,28,6,8,2.0,320.0,750000.0,38000.0,4.0,170000,Aisha, Khan,1,0,0,1,0,0,0,0,0,0,1,0,0,0,1,0,0,0,0,1,0
545,662,Kai Nguyen,35,9,9,4.0,500.0,1100000.0,55000.0,5.0,250000,Kai, Nguyen,0,1,0,1,0,0,0,0,0,0,0,0,0,1,0,0,0,1,0,1,0
546,663,Maya Shah,33,9,8,3.0,450.0,950000.0,50000.0,4.0,220000,Maya, Shah,1,0,0,1,0,0,0,0,1,0,0,0,0,0,1,0,0,0,0,1,0
547,664,Liam Chen,32,8,8,3.0,450.0,950000.0,47000.0,4.0,230000,Liam, Chen,0,1,0,1,0,0,0,0,1,0,0,0,0,0,1,0,0,0,0,0,1
548,665,Zara Rahman,29,7,8,2.0,350.0,800000.0,40000.0,4.0,190000,Zara, Rahman,1,0,0,1,0,0,0,0,0,0,0,0,0,0,1,0,0,0,0,0,1
549,666,Aditya Sharma,31,8,9,4.0,500.0,1100000.0,55000.0,5.0,240000,Aditya, Sharma,0,1,0,1,0,0,0,0,0,0,0,0,0,1,0,0,0,1,0,1,0
550,667,Hannah White,30,9,9,3.0,400.0,900000.0,45000.0,4.0,210000,Hannah, White,1,0,0,0,0,1,0,0,0,0,0,1,0,0,1,0,0,0,0,1,0
551,668,Evan Thompson,28,7,7,2.0,320.0,750000.0,38000.0,4.0,180000,Evan, Thompson,0,1,0,0,0,0,0,1,0,0,0,0,1,0,1,0,0,0,0,0,1
552,669,Nina Patel,33,9,9,4.0,500.0,1100000.0,55000.0,5.0,240000,Nina, Patel,1,0,0,1,0,0,0,0,0,0,0,0,0,1,0,0,0,1,0,1,0
553,670,Gabriel Martinez,32,8,9,3.0,450.0,950000.0,47000.0,4.0,220000,Gabriel, Martinez,0,1,0,0,0,1,0,0,0,0,1,0,0,0,1,0,0,0,0,0,1
554,671,Sophie Lee,29,7,8,3.0,450.0,950000.0,50000.0,4.0,220000,Sophie, Lee,1,0,0,1,0,0,0,0,1,0,0,0,0,0,1,0,0,0,0,0,1
555,672,Jack Nguyen,34,8,9,2.0,320.0,800000.0,40000.0,4.0,200000,Jack, Nguyen,0,1,0,1,0,0,0,0,0,0,0,0,1,0,0,0,0,0,1,1,0
556,673,Zoe Tran,27,7,8,3.0,400.0,900000.0,45000.0,4.0,210000,Zoe, Tran,1,0,0,1,0,0,0,0,0,0,1,0,0,0,1,0,0,0,0,1,0
557,674,Michael Kim,30,8,8,2.0,350.0,820000.0,41000.0,4.0,200000,Michael, Kim,0,1,0,1,0,0,0,0,1,0,0,0,0,0,1,0,0,0,0,0,1
558,675,Neha Shah,32,8,9,4.0,500.0,1100000.0,55000.0,5.0,240000,Neha, Shah,1,0,0,1,0,0,0,0,0,0,0,0,0,1,0,0,0,1,0,1,0
559,676,Robert Wilson,31,8,8,3.0,450.0,950000.0,47000.0,4.0,230000,Robert, Wilson,0,1,0,0,0,1,0,0,1,0,0,0,0,0,1,0,0,0,0,0,1
560,724,Sophia Patel,27,6,8,3.0,450.0,850000.0,43000.0,4.0,190000,Sophia, Patel,1,0,0,1,0,0,0,0,0,0,0,1,0,0,1,0,0,0,0,1,0
561,725,Ethan Thompson,34,9,7,3.0,400.0,900000.0,45000.0,4.0,210000,Ethan, Thompson,0,1,1,0,0,0,0,0,0,0,0,0,0,0,1,0,0,0,0,1,0
562,726,Sofia Khan,30,7,9,4.0,500.0,1000000.0,50000.0,5.0,230000,Sofia, Khan,1,0,0,0,1,0,0,0,0,0,0,0,0,1,0,0,0,1,0,1,0
563,727,Lucas Lopez,31,8,8,2.0,350.0,800000.0,40000.0,4.0,200000,Lucas, Lopez,0,1,1,0,0,0,0,0,0,0,1,0,0,0,1,0,0,0,0,0,1
564,728,Emma Chen,29,7,8,3.0,450.0,900000.0,45000.0,4.0,210000,Emma, Chen,1,0,0,1,0,0,0,0,1,0,0,0,0,0,1,0,0,0,0,1,0
565,729,Takumi Yamamoto,35,10,9,5.0,550.0,1100000.0,55000.0,5.0,260000,Takumi, Yamamoto,0,1,0,1,0,0,0,0,0,1,0,0,0,0,0,1,0,0,0,1,0
566,731,Diego Martinez,32,8,8,3.0,400.0,850000.0,42000.0,4.0,220000,Diego, Martinez,0,1,0,0,0,1,0,0,1,0,0,0,0,0,1,0,0,0,0,0,1
567,732,Isabella Kim,28,6,7,2.0,320.0,700000.0,35000.0,4.0,180000,Isabella, Kim,1,0,0,1,0,0,0,0,0,0,0,0,1,0,1,0,0,0,0,0,1
568,733,Liam Nguyen,33,9,9,2.0,320.0,850000.0,42000.0,4.0,220000,Liam, Nguyen,0,1,0,1,0,0,0,0,0,0,0,0,1,0,0,0,0,0,1,1,0
569,734,Nora Tran,31,8,8,3.0,400.0,900000.0,45000.0,4.0,210000,Nora, Tran,1,0,0,1,0,0,0,0,0,0,1,0,0,0,1,0,0,0,0,1,0
570,735,Daniel Kim,30,8,8,2.0,350.0,820000.0,41000.0,4.0,200000,Daniel, Kim,0,1,0,1,0,0,0,0,1,0,0,0,0,0,1,0,0,0,0,0,1
571,736,Priya Sharma,32,8,9,4.0,500.0,1000000.0,50000.0,5.0,230000,Priya, Sharma,1,0,0,1,0,0,0,0,0,0,0,0,0,1,0,0,0,1,0,1,0
572,737,Adam Wilson,30,8,8,3.0,450.0,950000.0,47000.0,4.0,220000,Adam, Wilson,0,1,0,0,0,1,0,0,1,0,0,0,0,0,1,0,0,0,0,0,1
573,738,Aisha Mansour,29,7,8,2.0,320.0,750000.0,38000.0,4.0,180000,Aisha, Mansour,1,0,0,0,0,0,0,0,0,0,0,1,0,0,1,0,0,0,0,1,0
574,739,Evan Chang,34,9,7,3.0,400.0,900000.0,45000.0,4.0,210000,Evan, Chang,0,1,0,1,0,0,0,0,0,0,0,0,0,0,1,0,0,0,0,0,1
575,740,Nadia Patel,30,8,8,3.0,450.0,950000.0,47000.0,4.0,220000,Nadia, Patel,1,0,0,0,1,0,0,0,0,0,0,0,0,1,1,0,0,0,0,0,1
576,742,Zara Rodriguez,28,7,9,2.0,380.0,820000.0,41000.0,4.0,200000,Zara, Rodriguez,1,0,0,0,0,1,0,0,1,0,0,0,0,0,1,0,0,0,0,1,0
577,743,Diego Gomez,33,8,8,3.0,400.0,850000.0,42000.0,4.0,220000,Diego, Gomez,0,1,0,0,0,0,1,0,1,0,0,0,0,0,1,0,0,0,0,0,1
578,747,Kai Nguyen,35,9,9,4.0,500.0,1000000.0,50000.0,5.0,240000,Kai, Nguyen,0,1,0,1,0,0,0,0,0,0,0,0,0,1,0,0,0,1,0,1,0
579,751,Aditya Sharma,31,8,9,4.0,500.0,1000000.0,50000.0,5.0,240000,Aditya, Sharma,0,1,0,1,0,0,0,0,0,0,0,0,0,1,0,0,0,1,0,1,0
580,754,Nina Patel,33,9,9,4.0,500.0,1000000.0,50000.0,5.0,240000,Nina, Patel,1,0,0,1,0,0,0,0,0,0,0,0,0,1,0,0,0,1,0,1,0
581,760,Neha Shah,32,8,9,4.0,500.0,1000000.0,50000.0,5.0,240000,Neha, Shah,1,0,0,1,0,0,0,0,0,0,0,0,0,1,0,0,0,1,0,1,0
582,794,Sophia Gupta,26,5,7,2.0,380.0,800000.0,40000.0,4.0,200000,Sophia, Gupta,1,0,0,1,0,0,0,0,0,0,0,1,0,0,1,0,0,0,0,1,0
583,795,Ethan Jones,33,9,8,3.0,450.0,950000.0,47000.0,4.0,220000,Ethan, Jones,0,1,0,0,0,1,0,0,0,0,0,0,0,0,1,0,0,0,0,1,0
584,796,Sofia Hernandez,29,7,9,4.0,500.0,1000000.0,50000.0,5.0,240000,Sofia, Hernandez,1,0,0,0,0,1,0,0,0,0,0,0,0,1,0,0,0,1,0,1,0
585,797,Lucas Smith,30,8,8,2.0,350.0,800000.0,40000.0,4.0,200000,Lucas, Smith,0,1,1,0,0,0,0,0,0,0,1,0,0,0,1,0,0,0,0,0,1
586,798,Emma Wang,28,6,8,3.0,450.0,900000.0,45000.0,4.0,210000,Emma, Wang,1,0,0,1,0,0,0,0,1,0,0,0,0,0,1,0,0,0,0,1,0
587,799,Takumi Tanaka,34,10,9,5.0,550.0,1100000.0,55000.0,5.0,260000,Takumi, Tanaka,0,1,0,1,0,0,0,0,0,1,0,0,0,0,0,1,0,0,0,1,0
588,800,Luna Diaz,27,6,9,2.0,380.0,820000.0,41000.0,4.0,200000,Luna, Diaz,1,0,0,0,0,1,0,0,1,0,0,0,0,0,1,0,0,0,0,1,0
589,801,Diego Fernandez,32,8,8,3.0,400.0,850000.0,42000.0,4.0,220000,Diego, Fernandez,0,1,0,0,0,1,0,0,1,0,0,0,0,0,1,0,0,0,0,0,1
590,802,Isabella Park,28,6,7,2.0,320.0,700000.0,35000.0,4.0,180000,Isabella, Park,1,0,0,1,0,0,0,0,0,0,0,0,1,0,1,0,0,0,0,0,1
591,803,Liam Hoang,32,9,9,2.0,320.0,850000.0,42000.0,4.0,220000,Liam, Hoang,0,1,0,1,0,0,0,0,0,0,0,0,1,0,0,0,0,0,1,1,0
592,804,Nora Vu,30,8,8,3.0,400.0,900000.0,45000.0,4.0,210000,Nora, Vu,1,0,0,1,0,0,0,0,0,0,1,0,0,0,1,0,0,0,0,1,0
593,805,Daniel Cho,29,7,8,2.0,350.0,820000.0,41000.0,4.0,200000,Daniel, Cho,0,1,0,1,0,0,0,0,1,0,0,0,0,0,1,0,0,0,0,0,1
594,806,Priya Patel,31,8,9,4.0,500.0,1000000.0,50000.0,5.0,230000,Priya, Patel,1,0,0,1,0,0,0,0,0,0,0,0,0,1,0,0,0,1,0,1,0
595,807,Adam Brown,29,7,8,3.0,450.0,950000.0,47000.0,4.0,220000,Adam, Brown,0,1,0,0,0,1,0,0,1,0,0,0,0,0,1,0,0,0,0,0,1
596,808,Aisha Nassar,28,7,8,2.0,320.0,750000.0,38000.0,4.0,180000,Aisha, Nassar,1,0,0,0,0,0,0,0,0,0,0,1,0,0,1,0,0,0,0,1,0
597,809,Evan Li,35,9,7,3.0,400.0,900000.0,45000.0,4.0,210000,Evan, Li,0,1,0,1,0,0,0,0,0,0,0,0,0,0,1,0,0,0,0,0,1
598,810,Nadia Ali,29,8,8,3.0,450.0,950000.0,47000.0,4.0,220000,Nadia, Ali,1,0,0,0,1,0,0,0,0,0,0,0,0,1,1,0,0,0,0,0,1
599,811,Max Thompson,33,10,9,3.0,500.0,1100000.0,55000.0,5.0,260000,Max, Thompson,0,1,1,0,0,0,0,0,0,0,1,0,0,0,1,0,0,0,0,1,0
600,812,Zara Gutierrez,27,6,9,2.0,380.0,820000.0,41000.0,4.0,200000,Zara, Gutierrez,1,0,0,0,0,1,0,0,1,0,0,0,0,0,1,0,0,0,0,1,0
601,813,Diego Fernandez,33,8,8,3.0,400.0,850000.0,42000.0,4.0,220000,Diego, Fernandez,0,1,0,0,0,0,1,0,1,0,0,0,0,0,1,0,0,0,0,0,1
602,814,Sara Khalifa,31,9,7,2.0,320.0,700000.0,35000.0,4.0,180000,Sara, Khalifa,1,0,0,0,0,0,0,0,0,0,0,0,1,0,1,0,0,0,0,0,1
603,815,Luca Romano,30,8,9,3.0,450.0,950000.0,47000.0,4.0,230000,Luca, Romano,0,1,1,0,0,0,0,0,0,1,0,0,0,0,0,1,0,0,0,1,0
604,816,Aisha Joshi,28,6,8,2.0,320.0,750000.0,38000.0,4.0,170000,Aisha, Joshi,1,0,0,1,0,0,0,0,0,0,1,0,0,0,1,0,0,0,0,1,0
605,817,Kai Sharma,35,9,9,4.0,500.0,1000000.0,50000.0,5.0,240000,Kai, Sharma,0,1,0,1,0,0,0,0,0,0,0,0,0,1,0,0,0,1,0,1,0
606,818,Maya Patel,33,9,8,3.0,450.0,950000.0,50000.0,4.0,220000,Maya, Patel,1,0,0,1,0,0,0,0,1,0,0,0,0,0,1,0,0,0,0,1,0
